source,date,store_id,minutes
upright_replica,2026-09-01,GW-001,120
upright_replica,2026-09-01,GW-002,120
upright_replica,2026-09-01,GW-003,120
upright_replica,2026-09-01,GW-004,120
upright_replica,2026-09-01,GW-005,120
upright_replica,2026-09-01,GW-006,120
upright_replica,2026-09-01,GW-007,120
upright_replica,2026-09-01,GW-008,120
upright_replica,2026-09-01,GW-009,120
upright_replica,2026-09-01,GW-010,120
upright_replica,2026-09-01,GW-011,120
upright_replica,2026-09-01,GW-012,120
upright_replica,2026-09-01,GW-013,120
upright_replica,2026-09-01,GW-014,120
upright_replica,2026-09-01,GW-015,120
upright_replica,2026-09-01,GW-016,120
upright_replica,2026-09-01,GW-017,120
upright_replica,2026-09-01,GW-018,120
upright_replica,2026-09-01,GW-019,120
upright_replica,2026-09-01,GW-020,120
upright_replica,2026-09-01,GW-021,120
upright_replica,2026-09-01,GW-022,120
upright_replica,2026-09-01,GW-023,120
upright_replica,2026-09-01,GW-024,120
upright_replica,2026-09-02,GW-001,120
upright_replica,2026-09-02,GW-002,120
upright_replica,2026-09-02,GW-003,120
upright_replica,2026-09-02,GW-004,120
upright_replica,2026-09-02,GW-005,120
upright_replica,2026-09-02,GW-006,120
upright_replica,2026-09-02,GW-007,120
upright_replica,2026-09-02,GW-008,120
upright_replica,2026-09-02,GW-009,120
upright_replica,2026-09-02,GW-010,120
upright_replica,2026-09-02,GW-011,120
upright_replica,2026-09-02,GW-012,120
upright_replica,2026-09-02,GW-013,120
upright_replica,2026-09-02,GW-014,120
upright_replica,2026-09-02,GW-015,120
upright_replica,2026-09-02,GW-016,120
upright_replica,2026-09-02,GW-017,120
upright_replica,2026-09-02,GW-018,120
upright_replica,2026-09-02,GW-019,120
upright_replica,2026-09-02,GW-020,120
upright_replica,2026-09-02,GW-021,120
upright_replica,2026-09-02,GW-022,120
upright_replica,2026-09-02,GW-023,120
upright_replica,2026-09-02,GW-024,120
upright_replica,2026-09-03,GW-001,120
upright_replica,2026-09-03,GW-002,120
upright_replica,2026-09-03,GW-003,120
upright_replica,2026-09-03,GW-004,120
upright_replica,2026-09-03,GW-005,120
upright_replica,2026-09-03,GW-006,120
upright_replica,2026-09-03,GW-007,120
upright_replica,2026-09-03,GW-008,120
upright_replica,2026-09-03,GW-009,120
upright_replica,2026-09-03,GW-010,120
upright_replica,2026-09-03,GW-011,120
upright_replica,2026-09-03,GW-012,120
upright_replica,2026-09-03,GW-013,120
upright_replica,2026-09-03,GW-014,120
upright_replica,2026-09-03,GW-015,120
upright_replica,2026-09-03,GW-016,120
upright_replica,2026-09-03,GW-017,120
upright_replica,2026-09-03,GW-018,120
upright_replica,2026-09-03,GW-019,120
upright_replica,2026-09-03,GW-020,120
upright_replica,2026-09-03,GW-021,120
upright_replica,2026-09-03,GW-022,120
upright_replica,2026-09-03,GW-023,120
upright_replica,2026-09-03,GW-024,120
upright_replica,2026-09-04,GW-001,120
upright_replica,2026-09-04,GW-002,120
upright_replica,2026-09-04,GW-003,120
upright_replica,2026-09-04,GW-004,120
upright_replica,2026-09-04,GW-005,120
upright_replica,2026-09-04,GW-006,120
upright_replica,2026-09-04,GW-007,120
upright_replica,2026-09-04,GW-008,120
upright_replica,2026-09-04,GW-009,120
upright_replica,2026-09-04,GW-010,120
upright_replica,2026-09-04,GW-011,120
upright_replica,2026-09-04,GW-012,120
upright_replica,2026-09-04,GW-013,120
upright_replica,2026-09-04,GW-014,120
upright_replica,2026-09-04,GW-015,120
upright_replica,2026-09-04,GW-016,120
upright_replica,2026-09-04,GW-017,120
upright_replica,2026-09-04,GW-018,120
upright_replica,2026-09-04,GW-019,120
upright_replica,2026-09-04,GW-020,120
upright_replica,2026-09-04,GW-021,120
upright_replica,2026-09-04,GW-022,120
upright_replica,2026-09-04,GW-023,120
upright_replica,2026-09-04,GW-024,120
upright_replica,2026-09-05,GW-001,120
upright_replica,2026-09-05,GW-002,120
upright_replica,2026-09-05,GW-003,120
upright_replica,2026-09-05,GW-004,120
upright_replica,2026-09-05,GW-005,120
upright_replica,2026-09-05,GW-006,120
upright_replica,2026-09-05,GW-007,120
upright_replica,2026-09-05,GW-008,120
upright_replica,2026-09-05,GW-009,120
upright_replica,2026-09-05,GW-010,120
upright_replica,2026-09-05,GW-011,120
upright_replica,2026-09-05,GW-012,120
upright_replica,2026-09-05,GW-013,120
upright_replica,2026-09-05,GW-014,120
upright_replica,2026-09-05,GW-015,120
upright_replica,2026-09-05,GW-016,120
upright_replica,2026-09-05,GW-017,120
upright_replica,2026-09-05,GW-018,120
upright_replica,2026-09-05,GW-019,120
upright_replica,2026-09-05,GW-020,120
upright_replica,2026-09-05,GW-021,120
upright_replica,2026-09-05,GW-022,120
upright_replica,2026-09-05,GW-023,120
upright_replica,2026-09-05,GW-024,120
upright_replica,2026-09-06,GW-001,120
upright_replica,2026-09-06,GW-002,120
upright_replica,2026-09-06,GW-003,120
upright_replica,2026-09-06,GW-004,120
upright_replica,2026-09-06,GW-005,120
upright_replica,2026-09-06,GW-006,120
upright_replica,2026-09-06,GW-007,120
upright_replica,2026-09-06,GW-008,120
upright_replica,2026-09-06,GW-009,120
upright_replica,2026-09-06,GW-010,120
upright_replica,2026-09-06,GW-011,120
upright_replica,2026-09-06,GW-012,120
upright_replica,2026-09-06,GW-013,120
upright_replica,2026-09-06,GW-014,120
upright_replica,2026-09-06,GW-015,120
upright_replica,2026-09-06,GW-016,120
upright_replica,2026-09-06,GW-017,120
upright_replica,2026-09-06,GW-018,120
upright_replica,2026-09-06,GW-019,120
upright_replica,2026-09-06,GW-020,120
upright_replica,2026-09-06,GW-021,120
upright_replica,2026-09-06,GW-022,120
upright_replica,2026-09-06,GW-023,120
upright_replica,2026-09-06,GW-024,120
upright_replica,2026-09-07,GW-001,120
upright_replica,2026-09-07,GW-002,120
upright_replica,2026-09-07,GW-003,120
upright_replica,2026-09-07,GW-004,120
upright_replica,2026-09-07,GW-005,120
upright_replica,2026-09-07,GW-006,120
upright_replica,2026-09-07,GW-007,120
upright_replica,2026-09-07,GW-008,120
upright_replica,2026-09-07,GW-009,120
upright_replica,2026-09-07,GW-010,120
upright_replica,2026-09-07,GW-011,120
upright_replica,2026-09-07,GW-012,120
upright_replica,2026-09-07,GW-013,120
upright_replica,2026-09-07,GW-014,120
upright_replica,2026-09-07,GW-015,120
upright_replica,2026-09-07,GW-016,120
upright_replica,2026-09-07,GW-017,120
upright_replica,2026-09-07,GW-018,120
upright_replica,2026-09-07,GW-019,120
upright_replica,2026-09-07,GW-020,120
upright_replica,2026-09-07,GW-021,120
upright_replica,2026-09-07,GW-022,120
upright_replica,2026-09-07,GW-023,120
upright_replica,2026-09-07,GW-024,120
upright_replica,2026-09-08,GW-001,120
upright_replica,2026-09-08,GW-002,120
upright_replica,2026-09-08,GW-003,120
upright_replica,2026-09-08,GW-004,120
upright_replica,2026-09-08,GW-005,120
upright_replica,2026-09-08,GW-006,120
upright_replica,2026-09-08,GW-007,120
upright_replica,2026-09-08,GW-008,120
upright_replica,2026-09-08,GW-009,120
upright_replica,2026-09-08,GW-010,120
upright_replica,2026-09-08,GW-011,120
upright_replica,2026-09-08,GW-012,120
upright_replica,2026-09-08,GW-013,120
upright_replica,2026-09-08,GW-014,120
upright_replica,2026-09-08,GW-015,120
upright_replica,2026-09-08,GW-016,120
upright_replica,2026-09-08,GW-017,120
upright_replica,2026-09-08,GW-018,120
upright_replica,2026-09-08,GW-019,120
upright_replica,2026-09-08,GW-020,120
upright_replica,2026-09-08,GW-021,120
upright_replica,2026-09-08,GW-022,120
upright_replica,2026-09-08,GW-023,120
upright_replica,2026-09-08,GW-024,120
upright_replica,2026-09-09,GW-001,120
upright_replica,2026-09-09,GW-002,120
upright_replica,2026-09-09,GW-003,120
upright_replica,2026-09-09,GW-004,120
upright_replica,2026-09-09,GW-005,120
upright_replica,2026-09-09,GW-006,120
upright_replica,2026-09-09,GW-007,120
upright_replica,2026-09-09,GW-008,120
upright_replica,2026-09-09,GW-009,120
upright_replica,2026-09-09,GW-010,120
upright_replica,2026-09-09,GW-011,120
upright_replica,2026-09-09,GW-012,120
upright_replica,2026-09-09,GW-013,120
upright_replica,2026-09-09,GW-014,120
upright_replica,2026-09-09,GW-015,120
upright_replica,2026-09-09,GW-016,120
upright_replica,2026-09-09,GW-017,120
upright_replica,2026-09-09,GW-018,120
upright_replica,2026-09-09,GW-019,120
upright_replica,2026-09-09,GW-020,120
upright_replica,2026-09-09,GW-021,120
upright_replica,2026-09-09,GW-022,120
upright_replica,2026-09-09,GW-023,120
upright_replica,2026-09-09,GW-024,120
upright_replica,2026-09-10,GW-001,120
upright_replica,2026-09-10,GW-002,120
upright_replica,2026-09-10,GW-003,120
upright_replica,2026-09-10,GW-004,120
upright_replica,2026-09-10,GW-005,120
upright_replica,2026-09-10,GW-006,120
upright_replica,2026-09-10,GW-007,120
upright_replica,2026-09-10,GW-008,120
upright_replica,2026-09-10,GW-009,120
upright_replica,2026-09-10,GW-010,120
upright_replica,2026-09-10,GW-011,120
upright_replica,2026-09-10,GW-012,120
upright_replica,2026-09-10,GW-013,120
upright_replica,2026-09-10,GW-014,120
upright_replica,2026-09-10,GW-015,120
upright_replica,2026-09-10,GW-016,120
upright_replica,2026-09-10,GW-017,120
upright_replica,2026-09-10,GW-018,120
upright_replica,2026-09-10,GW-019,120
upright_replica,2026-09-10,GW-020,120
upright_replica,2026-09-10,GW-021,120
upright_replica,2026-09-10,GW-022,120
upright_replica,2026-09-10,GW-023,120
upright_replica,2026-09-10,GW-024,120
upright_replica,2026-09-11,GW-001,120
upright_replica,2026-09-11,GW-002,120
upright_replica,2026-09-11,GW-003,120
upright_replica,2026-09-11,GW-004,120
upright_replica,2026-09-11,GW-005,120
upright_replica,2026-09-11,GW-006,120
upright_replica,2026-09-11,GW-007,120
upright_replica,2026-09-11,GW-008,120
upright_replica,2026-09-11,GW-009,120
upright_replica,2026-09-11,GW-010,120
upright_replica,2026-09-11,GW-011,120
upright_replica,2026-09-11,GW-012,120
upright_replica,2026-09-11,GW-013,120
upright_replica,2026-09-11,GW-014,120
upright_replica,2026-09-11,GW-015,120
upright_replica,2026-09-11,GW-016,120
upright_replica,2026-09-11,GW-017,120
upright_replica,2026-09-11,GW-018,120
upright_replica,2026-09-11,GW-019,120
upright_replica,2026-09-11,GW-020,120
upright_replica,2026-09-11,GW-021,120
upright_replica,2026-09-11,GW-022,120
upright_replica,2026-09-11,GW-023,120
upright_replica,2026-09-11,GW-024,120
upright_replica,2026-09-12,GW-001,120
upright_replica,2026-09-12,GW-002,120
upright_replica,2026-09-12,GW-003,120
upright_replica,2026-09-12,GW-004,120
upright_replica,2026-09-12,GW-005,120
upright_replica,2026-09-12,GW-006,120
upright_replica,2026-09-12,GW-007,120
upright_replica,2026-09-12,GW-008,120
upright_replica,2026-09-12,GW-009,120
upright_replica,2026-09-12,GW-010,120
upright_replica,2026-09-12,GW-011,120
upright_replica,2026-09-12,GW-012,120
upright_replica,2026-09-12,GW-013,120
upright_replica,2026-09-12,GW-014,120
upright_replica,2026-09-12,GW-015,120
upright_replica,2026-09-12,GW-016,120
upright_replica,2026-09-12,GW-017,120
upright_replica,2026-09-12,GW-018,120
upright_replica,2026-09-12,GW-019,120
upright_replica,2026-09-12,GW-020,120
upright_replica,2026-09-12,GW-021,120
upright_replica,2026-09-12,GW-022,120
upright_replica,2026-09-12,GW-023,120
upright_replica,2026-09-12,GW-024,120
upright_replica,2026-09-13,GW-001,120
upright_replica,2026-09-13,GW-002,120
upright_replica,2026-09-13,GW-003,120
upright_replica,2026-09-13,GW-004,120
upright_replica,2026-09-13,GW-005,120
upright_replica,2026-09-13,GW-006,120
upright_replica,2026-09-13,GW-007,120
upright_replica,2026-09-13,GW-008,120
upright_replica,2026-09-13,GW-009,120
upright_replica,2026-09-13,GW-010,120
upright_replica,2026-09-13,GW-011,120
upright_replica,2026-09-13,GW-012,120
upright_replica,2026-09-13,GW-013,120
upright_replica,2026-09-13,GW-014,120
upright_replica,2026-09-13,GW-015,120
upright_replica,2026-09-13,GW-016,120
upright_replica,2026-09-13,GW-017,120
upright_replica,2026-09-13,GW-018,120
upright_replica,2026-09-13,GW-019,120
upright_replica,2026-09-13,GW-020,120
upright_replica,2026-09-13,GW-021,120
upright_replica,2026-09-13,GW-022,120
upright_replica,2026-09-13,GW-023,120
upright_replica,2026-09-13,GW-024,120
upright_replica,2026-09-14,GW-001,120
upright_replica,2026-09-14,GW-002,120
upright_replica,2026-09-14,GW-003,120
upright_replica,2026-09-14,GW-004,120
upright_replica,2026-09-14,GW-005,120
upright_replica,2026-09-14,GW-006,120
upright_replica,2026-09-14,GW-007,120
upright_replica,2026-09-14,GW-008,120
upright_replica,2026-09-14,GW-009,120
upright_replica,2026-09-14,GW-010,120
upright_replica,2026-09-14,GW-011,120
upright_replica,2026-09-14,GW-012,120
upright_replica,2026-09-14,GW-013,120
upright_replica,2026-09-14,GW-014,120
upright_replica,2026-09-14,GW-015,120
upright_replica,2026-09-14,GW-016,120
upright_replica,2026-09-14,GW-017,120
upright_replica,2026-09-14,GW-018,120
upright_replica,2026-09-14,GW-019,120
upright_replica,2026-09-14,GW-020,120
upright_replica,2026-09-14,GW-021,120
upright_replica,2026-09-14,GW-022,120
upright_replica,2026-09-14,GW-023,120
upright_replica,2026-09-14,GW-024,120
upright_replica,2026-09-15,GW-001,120
upright_replica,2026-09-15,GW-002,120
upright_replica,2026-09-15,GW-003,120
upright_replica,2026-09-15,GW-004,120
upright_replica,2026-09-15,GW-005,120
upright_replica,2026-09-15,GW-006,120
upright_replica,2026-09-15,GW-007,120
upright_replica,2026-09-15,GW-008,120
upright_replica,2026-09-15,GW-009,120
upright_replica,2026-09-15,GW-010,120
upright_replica,2026-09-15,GW-011,120
upright_replica,2026-09-15,GW-012,120
upright_replica,2026-09-15,GW-013,120
upright_replica,2026-09-15,GW-014,120
upright_replica,2026-09-15,GW-015,120
upright_replica,2026-09-15,GW-016,120
upright_replica,2026-09-15,GW-017,120
upright_replica,2026-09-15,GW-018,120
upright_replica,2026-09-15,GW-019,120
upright_replica,2026-09-15,GW-020,120
upright_replica,2026-09-15,GW-021,120
upright_replica,2026-09-15,GW-022,120
upright_replica,2026-09-15,GW-023,120
upright_replica,2026-09-15,GW-024,120
upright_replica,2026-09-16,GW-001,120
upright_replica,2026-09-16,GW-002,120
upright_replica,2026-09-16,GW-003,120
upright_replica,2026-09-16,GW-004,120
upright_replica,2026-09-16,GW-005,120
upright_replica,2026-09-16,GW-006,120
upright_replica,2026-09-16,GW-007,120
upright_replica,2026-09-16,GW-008,120
upright_replica,2026-09-16,GW-009,120
upright_replica,2026-09-16,GW-010,120
upright_replica,2026-09-16,GW-011,120
upright_replica,2026-09-16,GW-012,120
upright_replica,2026-09-16,GW-013,120
upright_replica,2026-09-16,GW-014,120
upright_replica,2026-09-16,GW-015,120
upright_replica,2026-09-16,GW-016,120
upright_replica,2026-09-16,GW-017,120
upright_replica,2026-09-16,GW-018,120
upright_replica,2026-09-16,GW-019,120
upright_replica,2026-09-16,GW-020,120
upright_replica,2026-09-16,GW-021,120
upright_replica,2026-09-16,GW-022,120
upright_replica,2026-09-16,GW-023,120
upright_replica,2026-09-16,GW-024,120
upright_replica,2026-09-17,GW-001,120
upright_replica,2026-09-17,GW-002,120
upright_replica,2026-09-17,GW-003,120
upright_replica,2026-09-17,GW-004,120
upright_replica,2026-09-17,GW-005,120
upright_replica,2026-09-17,GW-006,120
upright_replica,2026-09-17,GW-007,120
upright_replica,2026-09-17,GW-008,120
upright_replica,2026-09-17,GW-009,120
upright_replica,2026-09-17,GW-010,120
upright_replica,2026-09-17,GW-011,120
upright_replica,2026-09-17,GW-012,120
upright_replica,2026-09-17,GW-013,120
upright_replica,2026-09-17,GW-014,120
upright_replica,2026-09-17,GW-015,120
upright_replica,2026-09-17,GW-016,120
upright_replica,2026-09-17,GW-017,120
upright_replica,2026-09-17,GW-018,120
upright_replica,2026-09-17,GW-019,120
upright_replica,2026-09-17,GW-020,120
upright_replica,2026-09-17,GW-021,120
upright_replica,2026-09-17,GW-022,120
upright_replica,2026-09-17,GW-023,120
upright_replica,2026-09-17,GW-024,120
upright_replica,2026-09-18,GW-001,120
upright_replica,2026-09-18,GW-002,120
upright_replica,2026-09-18,GW-003,120
upright_replica,2026-09-18,GW-004,120
upright_replica,2026-09-18,GW-005,120
upright_replica,2026-09-18,GW-006,120
upright_replica,2026-09-18,GW-007,120
upright_replica,2026-09-18,GW-008,120
upright_replica,2026-09-18,GW-009,120
upright_replica,2026-09-18,GW-010,120
upright_replica,2026-09-18,GW-011,120
upright_replica,2026-09-18,GW-012,120
upright_replica,2026-09-18,GW-013,120
upright_replica,2026-09-18,GW-014,120
upright_replica,2026-09-18,GW-015,120
upright_replica,2026-09-18,GW-016,120
upright_replica,2026-09-18,GW-017,120
upright_replica,2026-09-18,GW-018,120
upright_replica,2026-09-18,GW-019,120
upright_replica,2026-09-18,GW-020,120
upright_replica,2026-09-18,GW-021,120
upright_replica,2026-09-18,GW-022,120
upright_replica,2026-09-18,GW-023,120
upright_replica,2026-09-18,GW-024,120
upright_replica,2026-09-19,GW-001,120
upright_replica,2026-09-19,GW-002,120
upright_replica,2026-09-19,GW-003,120
upright_replica,2026-09-19,GW-004,120
upright_replica,2026-09-19,GW-005,120
upright_replica,2026-09-19,GW-006,120
upright_replica,2026-09-19,GW-007,120
upright_replica,2026-09-19,GW-008,120
upright_replica,2026-09-19,GW-009,120
upright_replica,2026-09-19,GW-010,120
upright_replica,2026-09-19,GW-011,120
upright_replica,2026-09-19,GW-012,120
upright_replica,2026-09-19,GW-013,120
upright_replica,2026-09-19,GW-014,120
upright_replica,2026-09-19,GW-015,120
upright_replica,2026-09-19,GW-016,120
upright_replica,2026-09-19,GW-017,120
upright_replica,2026-09-19,GW-018,120
upright_replica,2026-09-19,GW-019,120
upright_replica,2026-09-19,GW-020,120
upright_replica,2026-09-19,GW-021,120
upright_replica,2026-09-19,GW-022,120
upright_replica,2026-09-19,GW-023,120
upright_replica,2026-09-19,GW-024,120
upright_replica,2026-09-20,GW-001,120
upright_replica,2026-09-20,GW-002,120
upright_replica,2026-09-20,GW-003,120
upright_replica,2026-09-20,GW-004,120
upright_replica,2026-09-20,GW-005,120
upright_replica,2026-09-20,GW-006,120
upright_replica,2026-09-20,GW-007,120
upright_replica,2026-09-20,GW-008,120
upright_replica,2026-09-20,GW-009,120
upright_replica,2026-09-20,GW-010,120
upright_replica,2026-09-20,GW-011,120
upright_replica,2026-09-20,GW-012,120
upright_replica,2026-09-20,GW-013,120
upright_replica,2026-09-20,GW-014,120
upright_replica,2026-09-20,GW-015,120
upright_replica,2026-09-20,GW-016,120
upright_replica,2026-09-20,GW-017,120
upright_replica,2026-09-20,GW-018,120
upright_replica,2026-09-20,GW-019,120
upright_replica,2026-09-20,GW-020,120
upright_replica,2026-09-20,GW-021,120
upright_replica,2026-09-20,GW-022,120
upright_replica,2026-09-20,GW-023,120
upright_replica,2026-09-20,GW-024,120
upright_replica,2026-09-21,GW-001,120
upright_replica,2026-09-21,GW-002,120
upright_replica,2026-09-21,GW-003,120
upright_replica,2026-09-21,GW-004,120
upright_replica,2026-09-21,GW-005,120
upright_replica,2026-09-21,GW-006,120
upright_replica,2026-09-21,GW-007,120
upright_replica,2026-09-21,GW-008,120
upright_replica,2026-09-21,GW-009,120
upright_replica,2026-09-21,GW-010,120
upright_replica,2026-09-21,GW-011,120
upright_replica,2026-09-21,GW-012,120
upright_replica,2026-09-21,GW-013,120
upright_replica,2026-09-21,GW-014,120
upright_replica,2026-09-21,GW-015,120
upright_replica,2026-09-21,GW-016,120
upright_replica,2026-09-21,GW-017,120
upright_replica,2026-09-21,GW-018,120
upright_replica,2026-09-21,GW-019,120
upright_replica,2026-09-21,GW-020,120
upright_replica,2026-09-21,GW-021,120
upright_replica,2026-09-21,GW-022,120
upright_replica,2026-09-21,GW-023,120
upright_replica,2026-09-21,GW-024,120
upright_replica,2026-09-22,GW-001,120
upright_replica,2026-09-22,GW-002,120
upright_replica,2026-09-22,GW-003,120
upright_replica,2026-09-22,GW-004,120
upright_replica,2026-09-22,GW-005,120
upright_replica,2026-09-22,GW-006,120
upright_replica,2026-09-22,GW-007,120
upright_replica,2026-09-22,GW-008,120
upright_replica,2026-09-22,GW-009,120
upright_replica,2026-09-22,GW-010,120
upright_replica,2026-09-22,GW-011,120
upright_replica,2026-09-22,GW-012,120
upright_replica,2026-09-22,GW-013,120
upright_replica,2026-09-22,GW-014,120
upright_replica,2026-09-22,GW-015,120
upright_replica,2026-09-22,GW-016,120
upright_replica,2026-09-22,GW-017,120
upright_replica,2026-09-22,GW-018,120
upright_replica,2026-09-22,GW-019,120
upright_replica,2026-09-22,GW-020,120
upright_replica,2026-09-22,GW-021,120
upright_replica,2026-09-22,GW-022,120
upright_replica,2026-09-22,GW-023,120
upright_replica,2026-09-22,GW-024,120
upright_replica,2026-09-23,GW-001,120
upright_replica,2026-09-23,GW-002,120
upright_replica,2026-09-23,GW-003,120
upright_replica,2026-09-23,GW-004,120
upright_replica,2026-09-23,GW-005,120
upright_replica,2026-09-23,GW-006,120
upright_replica,2026-09-23,GW-007,120
upright_replica,2026-09-23,GW-008,120
upright_replica,2026-09-23,GW-009,120
upright_replica,2026-09-23,GW-010,120
upright_replica,2026-09-23,GW-011,120
upright_replica,2026-09-23,GW-012,120
upright_replica,2026-09-23,GW-013,120
upright_replica,2026-09-23,GW-014,120
upright_replica,2026-09-23,GW-015,120
upright_replica,2026-09-23,GW-016,120
upright_replica,2026-09-23,GW-017,120
upright_replica,2026-09-23,GW-018,120
upright_replica,2026-09-23,GW-019,120
upright_replica,2026-09-23,GW-020,120
upright_replica,2026-09-23,GW-021,120
upright_replica,2026-09-23,GW-022,120
upright_replica,2026-09-23,GW-023,120
upright_replica,2026-09-23,GW-024,120
upright_replica,2026-09-24,GW-001,180
upright_replica,2026-09-24,GW-002,180
upright_replica,2026-09-24,GW-003,180
upright_replica,2026-09-24,GW-004,180
upright_replica,2026-09-24,GW-005,180
upright_replica,2026-09-24,GW-006,180
upright_replica,2026-09-24,GW-007,180
upright_replica,2026-09-24,GW-008,180
upright_replica,2026-09-24,GW-009,180
upright_replica,2026-09-24,GW-010,180
upright_replica,2026-09-24,GW-011,180
upright_replica,2026-09-24,GW-012,180
upright_replica,2026-09-24,GW-013,180
upright_replica,2026-09-24,GW-014,180
upright_replica,2026-09-24,GW-015,180
upright_replica,2026-09-24,GW-016,180
upright_replica,2026-09-24,GW-017,180
upright_replica,2026-09-24,GW-018,180
upright_replica,2026-09-24,GW-019,180
upright_replica,2026-09-24,GW-020,180
upright_replica,2026-09-24,GW-021,180
upright_replica,2026-09-24,GW-022,180
upright_replica,2026-09-24,GW-023,180
upright_replica,2026-09-24,GW-024,180
upright_replica,2026-09-25,GW-001,180
upright_replica,2026-09-25,GW-002,180
upright_replica,2026-09-25,GW-003,180
upright_replica,2026-09-25,GW-004,180
upright_replica,2026-09-25,GW-005,180
upright_replica,2026-09-25,GW-006,180
upright_replica,2026-09-25,GW-007,180
upright_replica,2026-09-25,GW-008,180
upright_replica,2026-09-25,GW-009,180
upright_replica,2026-09-25,GW-010,180
upright_replica,2026-09-25,GW-011,180
upright_replica,2026-09-25,GW-012,180
upright_replica,2026-09-25,GW-013,180
upright_replica,2026-09-25,GW-014,180
upright_replica,2026-09-25,GW-015,180
upright_replica,2026-09-25,GW-016,180
upright_replica,2026-09-25,GW-017,180
upright_replica,2026-09-25,GW-018,180
upright_replica,2026-09-25,GW-019,180
upright_replica,2026-09-25,GW-020,180
upright_replica,2026-09-25,GW-021,180
upright_replica,2026-09-25,GW-022,180
upright_replica,2026-09-25,GW-023,180
upright_replica,2026-09-25,GW-024,180
upright_replica,2026-09-26,GW-001,180
upright_replica,2026-09-26,GW-002,180
upright_replica,2026-09-26,GW-003,180
upright_replica,2026-09-26,GW-004,180
upright_replica,2026-09-26,GW-005,180
upright_replica,2026-09-26,GW-006,180
upright_replica,2026-09-26,GW-007,180
upright_replica,2026-09-26,GW-008,180
upright_replica,2026-09-26,GW-009,180
upright_replica,2026-09-26,GW-010,180
upright_replica,2026-09-26,GW-011,180
upright_replica,2026-09-26,GW-012,180
upright_replica,2026-09-26,GW-013,180
upright_replica,2026-09-26,GW-014,180
upright_replica,2026-09-26,GW-015,180
upright_replica,2026-09-26,GW-016,180
upright_replica,2026-09-26,GW-017,180
upright_replica,2026-09-26,GW-018,180
upright_replica,2026-09-26,GW-019,180
upright_replica,2026-09-26,GW-020,180
upright_replica,2026-09-26,GW-021,180
upright_replica,2026-09-26,GW-022,180
upright_replica,2026-09-26,GW-023,180
upright_replica,2026-09-26,GW-024,180
upright_replica,2026-09-27,GW-001,180
upright_replica,2026-09-27,GW-002,180
upright_replica,2026-09-27,GW-003,180
upright_replica,2026-09-27,GW-004,180
upright_replica,2026-09-27,GW-005,180
upright_replica,2026-09-27,GW-006,180
upright_replica,2026-09-27,GW-007,180
upright_replica,2026-09-27,GW-008,180
upright_replica,2026-09-27,GW-009,180
upright_replica,2026-09-27,GW-010,180
upright_replica,2026-09-27,GW-011,180
upright_replica,2026-09-27,GW-012,180
upright_replica,2026-09-27,GW-013,180
upright_replica,2026-09-27,GW-014,180
upright_replica,2026-09-27,GW-015,180
upright_replica,2026-09-27,GW-016,180
upright_replica,2026-09-27,GW-017,180
upright_replica,2026-09-27,GW-018,180
upright_replica,2026-09-27,GW-019,180
upright_replica,2026-09-27,GW-020,180
upright_replica,2026-09-27,GW-021,180
upright_replica,2026-09-27,GW-022,180
upright_replica,2026-09-27,GW-023,180
upright_replica,2026-09-27,GW-024,180
upright_replica,2026-09-28,GW-001,180
upright_replica,2026-09-28,GW-002,180
upright_replica,2026-09-28,GW-003,180
upright_replica,2026-09-28,GW-004,180
upright_replica,2026-09-28,GW-005,180
upright_replica,2026-09-28,GW-006,180
upright_replica,2026-09-28,GW-007,180
upright_replica,2026-09-28,GW-008,180
upright_replica,2026-09-28,GW-009,180
upright_replica,2026-09-28,GW-010,180
upright_replica,2026-09-28,GW-011,180
upright_replica,2026-09-28,GW-012,180
upright_replica,2026-09-28,GW-013,180
upright_replica,2026-09-28,GW-014,180
upright_replica,2026-09-28,GW-015,180
upright_replica,2026-09-28,GW-016,180
upright_replica,2026-09-28,GW-017,180
upright_replica,2026-09-28,GW-018,180
upright_replica,2026-09-28,GW-019,180
upright_replica,2026-09-28,GW-020,180
upright_replica,2026-09-28,GW-021,180
upright_replica,2026-09-28,GW-022,180
upright_replica,2026-09-28,GW-023,180
upright_replica,2026-09-28,GW-024,180
upright_replica,2026-09-29,GW-001,180
upright_replica,2026-09-29,GW-002,180
upright_replica,2026-09-29,GW-003,180
upright_replica,2026-09-29,GW-004,180
upright_replica,2026-09-29,GW-005,180
upright_replica,2026-09-29,GW-006,180
upright_replica,2026-09-29,GW-007,180
upright_replica,2026-09-29,GW-008,180
upright_replica,2026-09-29,GW-009,180
upright_replica,2026-09-29,GW-010,180
upright_replica,2026-09-29,GW-011,180
upright_replica,2026-09-29,GW-012,180
upright_replica,2026-09-29,GW-013,180
upright_replica,2026-09-29,GW-014,180
upright_replica,2026-09-29,GW-015,180
upright_replica,2026-09-29,GW-016,180
upright_replica,2026-09-29,GW-017,180
upright_replica,2026-09-29,GW-018,180
upright_replica,2026-09-29,GW-019,180
upright_replica,2026-09-29,GW-020,180
upright_replica,2026-09-29,GW-021,180
upright_replica,2026-09-29,GW-022,180
upright_replica,2026-09-29,GW-023,180
upright_replica,2026-09-29,GW-024,180
upright_replica,2026-09-30,GW-001,180
upright_replica,2026-09-30,GW-002,180
upright_replica,2026-09-30,GW-003,180
upright_replica,2026-09-30,GW-004,180
upright_replica,2026-09-30,GW-005,180
upright_replica,2026-09-30,GW-006,180
upright_replica,2026-09-30,GW-007,180
upright_replica,2026-09-30,GW-008,180
upright_replica,2026-09-30,GW-009,180
upright_replica,2026-09-30,GW-010,180
upright_replica,2026-09-30,GW-011,180
upright_replica,2026-09-30,GW-012,180
upright_replica,2026-09-30,GW-013,180
upright_replica,2026-09-30,GW-014,180
upright_replica,2026-09-30,GW-015,180
upright_replica,2026-09-30,GW-016,180
upright_replica,2026-09-30,GW-017,180
upright_replica,2026-09-30,GW-018,180
upright_replica,2026-09-30,GW-019,180
upright_replica,2026-09-30,GW-020,180
upright_replica,2026-09-30,GW-021,180
upright_replica,2026-09-30,GW-022,180
upright_replica,2026-09-30,GW-023,180
upright_replica,2026-09-30,GW-024,180
cash_monkey_replica,2026-09-01,GW-001,30
cash_monkey_replica,2026-09-01,GW-002,30
cash_monkey_replica,2026-09-01,GW-003,30
cash_monkey_replica,2026-09-01,GW-004,30
cash_monkey_replica,2026-09-01,GW-005,30
cash_monkey_replica,2026-09-01,GW-006,30
cash_monkey_replica,2026-09-01,GW-007,30
cash_monkey_replica,2026-09-01,GW-008,30
cash_monkey_replica,2026-09-01,GW-009,30
cash_monkey_replica,2026-09-01,GW-010,30
cash_monkey_replica,2026-09-01,GW-011,30
cash_monkey_replica,2026-09-01,GW-012,30
cash_monkey_replica,2026-09-01,GW-013,30
cash_monkey_replica,2026-09-01,GW-014,30
cash_monkey_replica,2026-09-01,GW-015,30
cash_monkey_replica,2026-09-01,GW-016,30
cash_monkey_replica,2026-09-01,GW-017,30
cash_monkey_replica,2026-09-01,GW-018,30
cash_monkey_replica,2026-09-01,GW-019,30
cash_monkey_replica,2026-09-01,GW-020,30
cash_monkey_replica,2026-09-01,GW-021,30
cash_monkey_replica,2026-09-01,GW-022,30
cash_monkey_replica,2026-09-01,GW-023,30
cash_monkey_replica,2026-09-01,GW-024,30
cash_monkey_replica,2026-09-02,GW-001,30
cash_monkey_replica,2026-09-02,GW-002,30
cash_monkey_replica,2026-09-02,GW-003,30
cash_monkey_replica,2026-09-02,GW-004,30
cash_monkey_replica,2026-09-02,GW-005,30
cash_monkey_replica,2026-09-02,GW-006,30
cash_monkey_replica,2026-09-02,GW-007,30
cash_monkey_replica,2026-09-02,GW-008,30
cash_monkey_replica,2026-09-02,GW-009,30
cash_monkey_replica,2026-09-02,GW-010,30
cash_monkey_replica,2026-09-02,GW-011,30
cash_monkey_replica,2026-09-02,GW-012,30
cash_monkey_replica,2026-09-02,GW-013,30
cash_monkey_replica,2026-09-02,GW-014,30
cash_monkey_replica,2026-09-02,GW-015,30
cash_monkey_replica,2026-09-02,GW-016,30
cash_monkey_replica,2026-09-02,GW-017,30
cash_monkey_replica,2026-09-02,GW-018,30
cash_monkey_replica,2026-09-02,GW-019,30
cash_monkey_replica,2026-09-02,GW-020,30
cash_monkey_replica,2026-09-02,GW-021,30
cash_monkey_replica,2026-09-02,GW-022,30
cash_monkey_replica,2026-09-02,GW-023,30
cash_monkey_replica,2026-09-02,GW-024,30
cash_monkey_replica,2026-09-03,GW-001,30
cash_monkey_replica,2026-09-03,GW-002,30
cash_monkey_replica,2026-09-03,GW-003,30
cash_monkey_replica,2026-09-03,GW-004,30
cash_monkey_replica,2026-09-03,GW-005,30
cash_monkey_replica,2026-09-03,GW-006,30
cash_monkey_replica,2026-09-03,GW-007,30
cash_monkey_replica,2026-09-03,GW-008,30
cash_monkey_replica,2026-09-03,GW-009,30
cash_monkey_replica,2026-09-03,GW-010,30
cash_monkey_replica,2026-09-03,GW-011,30
cash_monkey_replica,2026-09-03,GW-012,30
cash_monkey_replica,2026-09-03,GW-013,30
cash_monkey_replica,2026-09-03,GW-014,30
cash_monkey_replica,2026-09-03,GW-015,30
cash_monkey_replica,2026-09-03,GW-016,30
cash_monkey_replica,2026-09-03,GW-017,30
cash_monkey_replica,2026-09-03,GW-018,30
cash_monkey_replica,2026-09-03,GW-019,30
cash_monkey_replica,2026-09-03,GW-020,30
cash_monkey_replica,2026-09-03,GW-021,30
cash_monkey_replica,2026-09-03,GW-022,30
cash_monkey_replica,2026-09-03,GW-023,30
cash_monkey_replica,2026-09-03,GW-024,30
cash_monkey_replica,2026-09-04,GW-001,30
cash_monkey_replica,2026-09-04,GW-002,30
cash_monkey_replica,2026-09-04,GW-003,30
cash_monkey_replica,2026-09-04,GW-004,30
cash_monkey_replica,2026-09-04,GW-005,30
cash_monkey_replica,2026-09-04,GW-006,30
cash_monkey_replica,2026-09-04,GW-007,30
cash_monkey_replica,2026-09-04,GW-008,30
cash_monkey_replica,2026-09-04,GW-009,30
cash_monkey_replica,2026-09-04,GW-010,30
cash_monkey_replica,2026-09-04,GW-011,30
cash_monkey_replica,2026-09-04,GW-012,30
cash_monkey_replica,2026-09-04,GW-013,30
cash_monkey_replica,2026-09-04,GW-014,30
cash_monkey_replica,2026-09-04,GW-015,30
cash_monkey_replica,2026-09-04,GW-016,30
cash_monkey_replica,2026-09-04,GW-017,30
cash_monkey_replica,2026-09-04,GW-018,30
cash_monkey_replica,2026-09-04,GW-019,30
cash_monkey_replica,2026-09-04,GW-020,30
cash_monkey_replica,2026-09-04,GW-021,30
cash_monkey_replica,2026-09-04,GW-022,30
cash_monkey_replica,2026-09-04,GW-023,30
cash_monkey_replica,2026-09-04,GW-024,30
cash_monkey_replica,2026-09-05,GW-001,30
cash_monkey_replica,2026-09-05,GW-002,30
cash_monkey_replica,2026-09-05,GW-003,30
cash_monkey_replica,2026-09-05,GW-004,30
cash_monkey_replica,2026-09-05,GW-005,30
cash_monkey_replica,2026-09-05,GW-006,30
cash_monkey_replica,2026-09-05,GW-007,30
cash_monkey_replica,2026-09-05,GW-008,30
cash_monkey_replica,2026-09-05,GW-009,30
cash_monkey_replica,2026-09-05,GW-010,30
cash_monkey_replica,2026-09-05,GW-011,30
cash_monkey_replica,2026-09-05,GW-012,30
cash_monkey_replica,2026-09-05,GW-013,30
cash_monkey_replica,2026-09-05,GW-014,30
cash_monkey_replica,2026-09-05,GW-015,30
cash_monkey_replica,2026-09-05,GW-016,30
cash_monkey_replica,2026-09-05,GW-017,30
cash_monkey_replica,2026-09-05,GW-018,30
cash_monkey_replica,2026-09-05,GW-019,30
cash_monkey_replica,2026-09-05,GW-020,30
cash_monkey_replica,2026-09-05,GW-021,30
cash_monkey_replica,2026-09-05,GW-022,30
cash_monkey_replica,2026-09-05,GW-023,30
cash_monkey_replica,2026-09-05,GW-024,30
cash_monkey_replica,2026-09-06,GW-001,30
cash_monkey_replica,2026-09-06,GW-002,30
cash_monkey_replica,2026-09-06,GW-003,30
cash_monkey_replica,2026-09-06,GW-004,30
cash_monkey_replica,2026-09-06,GW-005,30
cash_monkey_replica,2026-09-06,GW-006,30
cash_monkey_replica,2026-09-06,GW-007,30
cash_monkey_replica,2026-09-06,GW-008,30
cash_monkey_replica,2026-09-06,GW-009,30
cash_monkey_replica,2026-09-06,GW-010,30
cash_monkey_replica,2026-09-06,GW-011,30
cash_monkey_replica,2026-09-06,GW-012,30
cash_monkey_replica,2026-09-06,GW-013,30
cash_monkey_replica,2026-09-06,GW-014,30
cash_monkey_replica,2026-09-06,GW-015,30
cash_monkey_replica,2026-09-06,GW-016,30
cash_monkey_replica,2026-09-06,GW-017,30
cash_monkey_replica,2026-09-06,GW-018,30
cash_monkey_replica,2026-09-06,GW-019,30
cash_monkey_replica,2026-09-06,GW-020,30
cash_monkey_replica,2026-09-06,GW-021,30
cash_monkey_replica,2026-09-06,GW-022,30
cash_monkey_replica,2026-09-06,GW-023,30
cash_monkey_replica,2026-09-06,GW-024,30
cash_monkey_replica,2026-09-07,GW-001,30
cash_monkey_replica,2026-09-07,GW-002,30
cash_monkey_replica,2026-09-07,GW-003,30
cash_monkey_replica,2026-09-07,GW-004,30
cash_monkey_replica,2026-09-07,GW-005,30
cash_monkey_replica,2026-09-07,GW-006,30
cash_monkey_replica,2026-09-07,GW-007,30
cash_monkey_replica,2026-09-07,GW-008,30
cash_monkey_replica,2026-09-07,GW-009,30
cash_monkey_replica,2026-09-07,GW-010,30
cash_monkey_replica,2026-09-07,GW-011,30
cash_monkey_replica,2026-09-07,GW-012,30
cash_monkey_replica,2026-09-07,GW-013,30
cash_monkey_replica,2026-09-07,GW-014,30
cash_monkey_replica,2026-09-07,GW-015,30
cash_monkey_replica,2026-09-07,GW-016,30
cash_monkey_replica,2026-09-07,GW-017,30
cash_monkey_replica,2026-09-07,GW-018,30
cash_monkey_replica,2026-09-07,GW-019,30
cash_monkey_replica,2026-09-07,GW-020,30
cash_monkey_replica,2026-09-07,GW-021,30
cash_monkey_replica,2026-09-07,GW-022,30
cash_monkey_replica,2026-09-07,GW-023,30
cash_monkey_replica,2026-09-07,GW-024,30
cash_monkey_replica,2026-09-08,GW-001,30
cash_monkey_replica,2026-09-08,GW-002,30
cash_monkey_replica,2026-09-08,GW-003,30
cash_monkey_replica,2026-09-08,GW-004,30
cash_monkey_replica,2026-09-08,GW-005,30
cash_monkey_replica,2026-09-08,GW-006,30
cash_monkey_replica,2026-09-08,GW-007,30
cash_monkey_replica,2026-09-08,GW-008,30
cash_monkey_replica,2026-09-08,GW-009,30
cash_monkey_replica,2026-09-08,GW-010,30
cash_monkey_replica,2026-09-08,GW-011,30
cash_monkey_replica,2026-09-08,GW-012,30
cash_monkey_replica,2026-09-08,GW-013,30
cash_monkey_replica,2026-09-08,GW-014,30
cash_monkey_replica,2026-09-08,GW-015,30
cash_monkey_replica,2026-09-08,GW-016,30
cash_monkey_replica,2026-09-08,GW-017,30
cash_monkey_replica,2026-09-08,GW-018,30
cash_monkey_replica,2026-09-08,GW-019,30
cash_monkey_replica,2026-09-08,GW-020,30
cash_monkey_replica,2026-09-08,GW-021,30
cash_monkey_replica,2026-09-08,GW-022,30
cash_monkey_replica,2026-09-08,GW-023,30
cash_monkey_replica,2026-09-08,GW-024,30
cash_monkey_replica,2026-09-09,GW-001,30
cash_monkey_replica,2026-09-09,GW-002,30
cash_monkey_replica,2026-09-09,GW-003,30
cash_monkey_replica,2026-09-09,GW-004,30
cash_monkey_replica,2026-09-09,GW-005,30
cash_monkey_replica,2026-09-09,GW-006,30
cash_monkey_replica,2026-09-09,GW-007,30
cash_monkey_replica,2026-09-09,GW-008,30
cash_monkey_replica,2026-09-09,GW-009,30
cash_monkey_replica,2026-09-09,GW-010,30
cash_monkey_replica,2026-09-09,GW-011,30
cash_monkey_replica,2026-09-09,GW-012,30
cash_monkey_replica,2026-09-09,GW-013,30
cash_monkey_replica,2026-09-09,GW-014,30
cash_monkey_replica,2026-09-09,GW-015,30
cash_monkey_replica,2026-09-09,GW-016,30
cash_monkey_replica,2026-09-09,GW-017,30
cash_monkey_replica,2026-09-09,GW-018,30
cash_monkey_replica,2026-09-09,GW-019,30
cash_monkey_replica,2026-09-09,GW-020,30
cash_monkey_replica,2026-09-09,GW-021,30
cash_monkey_replica,2026-09-09,GW-022,30
cash_monkey_replica,2026-09-09,GW-023,30
cash_monkey_replica,2026-09-09,GW-024,30
cash_monkey_replica,2026-09-10,GW-001,30
cash_monkey_replica,2026-09-10,GW-002,30
cash_monkey_replica,2026-09-10,GW-003,30
cash_monkey_replica,2026-09-10,GW-004,30
cash_monkey_replica,2026-09-10,GW-005,30
cash_monkey_replica,2026-09-10,GW-006,30
cash_monkey_replica,2026-09-10,GW-007,30
cash_monkey_replica,2026-09-10,GW-008,30
cash_monkey_replica,2026-09-10,GW-009,30
cash_monkey_replica,2026-09-10,GW-010,30
cash_monkey_replica,2026-09-10,GW-011,30
cash_monkey_replica,2026-09-10,GW-012,30
cash_monkey_replica,2026-09-10,GW-013,30
cash_monkey_replica,2026-09-10,GW-014,30
cash_monkey_replica,2026-09-10,GW-015,30
cash_monkey_replica,2026-09-10,GW-016,30
cash_monkey_replica,2026-09-10,GW-017,30
cash_monkey_replica,2026-09-10,GW-018,30
cash_monkey_replica,2026-09-10,GW-019,30
cash_monkey_replica,2026-09-10,GW-020,30
cash_monkey_replica,2026-09-10,GW-021,30
cash_monkey_replica,2026-09-10,GW-022,30
cash_monkey_replica,2026-09-10,GW-023,30
cash_monkey_replica,2026-09-10,GW-024,30
cash_monkey_replica,2026-09-11,GW-001,30
cash_monkey_replica,2026-09-11,GW-002,30
cash_monkey_replica,2026-09-11,GW-003,30
cash_monkey_replica,2026-09-11,GW-004,30
cash_monkey_replica,2026-09-11,GW-005,30
cash_monkey_replica,2026-09-11,GW-006,30
cash_monkey_replica,2026-09-11,GW-007,30
cash_monkey_replica,2026-09-11,GW-008,30
cash_monkey_replica,2026-09-11,GW-009,30
cash_monkey_replica,2026-09-11,GW-010,30
cash_monkey_replica,2026-09-11,GW-011,30
cash_monkey_replica,2026-09-11,GW-012,30
cash_monkey_replica,2026-09-11,GW-013,30
cash_monkey_replica,2026-09-11,GW-014,30
cash_monkey_replica,2026-09-11,GW-015,30
cash_monkey_replica,2026-09-11,GW-016,30
cash_monkey_replica,2026-09-11,GW-017,30
cash_monkey_replica,2026-09-11,GW-018,30
cash_monkey_replica,2026-09-11,GW-019,30
cash_monkey_replica,2026-09-11,GW-020,30
cash_monkey_replica,2026-09-11,GW-021,30
cash_monkey_replica,2026-09-11,GW-022,30
cash_monkey_replica,2026-09-11,GW-023,30
cash_monkey_replica,2026-09-11,GW-024,30
cash_monkey_replica,2026-09-12,GW-001,30
cash_monkey_replica,2026-09-12,GW-002,30
cash_monkey_replica,2026-09-12,GW-003,30
cash_monkey_replica,2026-09-12,GW-004,30
cash_monkey_replica,2026-09-12,GW-005,30
cash_monkey_replica,2026-09-12,GW-006,30
cash_monkey_replica,2026-09-12,GW-007,30
cash_monkey_replica,2026-09-12,GW-008,30
cash_monkey_replica,2026-09-12,GW-009,30
cash_monkey_replica,2026-09-12,GW-010,30
cash_monkey_replica,2026-09-12,GW-011,30
cash_monkey_replica,2026-09-12,GW-012,30
cash_monkey_replica,2026-09-12,GW-013,30
cash_monkey_replica,2026-09-12,GW-014,30
cash_monkey_replica,2026-09-12,GW-015,30
cash_monkey_replica,2026-09-12,GW-016,30
cash_monkey_replica,2026-09-12,GW-017,30
cash_monkey_replica,2026-09-12,GW-018,30
cash_monkey_replica,2026-09-12,GW-019,30
cash_monkey_replica,2026-09-12,GW-020,30
cash_monkey_replica,2026-09-12,GW-021,30
cash_monkey_replica,2026-09-12,GW-022,30
cash_monkey_replica,2026-09-12,GW-023,30
cash_monkey_replica,2026-09-12,GW-024,30
cash_monkey_replica,2026-09-13,GW-001,30
cash_monkey_replica,2026-09-13,GW-002,30
cash_monkey_replica,2026-09-13,GW-003,30
cash_monkey_replica,2026-09-13,GW-004,30
cash_monkey_replica,2026-09-13,GW-005,30
cash_monkey_replica,2026-09-13,GW-006,30
cash_monkey_replica,2026-09-13,GW-007,30
cash_monkey_replica,2026-09-13,GW-008,30
cash_monkey_replica,2026-09-13,GW-009,30
cash_monkey_replica,2026-09-13,GW-010,30
cash_monkey_replica,2026-09-13,GW-011,30
cash_monkey_replica,2026-09-13,GW-012,30
cash_monkey_replica,2026-09-13,GW-013,30
cash_monkey_replica,2026-09-13,GW-014,30
cash_monkey_replica,2026-09-13,GW-015,30
cash_monkey_replica,2026-09-13,GW-016,30
cash_monkey_replica,2026-09-13,GW-017,30
cash_monkey_replica,2026-09-13,GW-018,30
cash_monkey_replica,2026-09-13,GW-019,30
cash_monkey_replica,2026-09-13,GW-020,30
cash_monkey_replica,2026-09-13,GW-021,30
cash_monkey_replica,2026-09-13,GW-022,30
cash_monkey_replica,2026-09-13,GW-023,30
cash_monkey_replica,2026-09-13,GW-024,30
cash_monkey_replica,2026-09-14,GW-001,30
cash_monkey_replica,2026-09-14,GW-002,30
cash_monkey_replica,2026-09-14,GW-003,30
cash_monkey_replica,2026-09-14,GW-004,30
cash_monkey_replica,2026-09-14,GW-005,30
cash_monkey_replica,2026-09-14,GW-006,30
cash_monkey_replica,2026-09-14,GW-007,30
cash_monkey_replica,2026-09-14,GW-008,30
cash_monkey_replica,2026-09-14,GW-009,30
cash_monkey_replica,2026-09-14,GW-010,30
cash_monkey_replica,2026-09-14,GW-011,30
cash_monkey_replica,2026-09-14,GW-012,30
cash_monkey_replica,2026-09-14,GW-013,30
cash_monkey_replica,2026-09-14,GW-014,30
cash_monkey_replica,2026-09-14,GW-015,30
cash_monkey_replica,2026-09-14,GW-016,30
cash_monkey_replica,2026-09-14,GW-017,30
cash_monkey_replica,2026-09-14,GW-018,30
cash_monkey_replica,2026-09-14,GW-019,30
cash_monkey_replica,2026-09-14,GW-020,30
cash_monkey_replica,2026-09-14,GW-021,30
cash_monkey_replica,2026-09-14,GW-022,30
cash_monkey_replica,2026-09-14,GW-023,30
cash_monkey_replica,2026-09-14,GW-024,30
cash_monkey_replica,2026-09-15,GW-001,30
cash_monkey_replica,2026-09-15,GW-002,30
cash_monkey_replica,2026-09-15,GW-003,30
cash_monkey_replica,2026-09-15,GW-004,30
cash_monkey_replica,2026-09-15,GW-005,30
cash_monkey_replica,2026-09-15,GW-006,30
cash_monkey_replica,2026-09-15,GW-007,30
cash_monkey_replica,2026-09-15,GW-008,30
cash_monkey_replica,2026-09-15,GW-009,30
cash_monkey_replica,2026-09-15,GW-010,30
cash_monkey_replica,2026-09-15,GW-011,30
cash_monkey_replica,2026-09-15,GW-012,30
cash_monkey_replica,2026-09-15,GW-013,30
cash_monkey_replica,2026-09-15,GW-014,30
cash_monkey_replica,2026-09-15,GW-015,30
cash_monkey_replica,2026-09-15,GW-016,30
cash_monkey_replica,2026-09-15,GW-017,30
cash_monkey_replica,2026-09-15,GW-018,30
cash_monkey_replica,2026-09-15,GW-019,30
cash_monkey_replica,2026-09-15,GW-020,30
cash_monkey_replica,2026-09-15,GW-021,30
cash_monkey_replica,2026-09-15,GW-022,30
cash_monkey_replica,2026-09-15,GW-023,30
cash_monkey_replica,2026-09-15,GW-024,30
cash_monkey_replica,2026-09-16,GW-001,30
cash_monkey_replica,2026-09-16,GW-002,30
cash_monkey_replica,2026-09-16,GW-003,30
cash_monkey_replica,2026-09-16,GW-004,30
cash_monkey_replica,2026-09-16,GW-005,30
cash_monkey_replica,2026-09-16,GW-006,30
cash_monkey_replica,2026-09-16,GW-007,30
cash_monkey_replica,2026-09-16,GW-008,30
cash_monkey_replica,2026-09-16,GW-009,30
cash_monkey_replica,2026-09-16,GW-010,30
cash_monkey_replica,2026-09-16,GW-011,30
cash_monkey_replica,2026-09-16,GW-012,30
cash_monkey_replica,2026-09-16,GW-013,30
cash_monkey_replica,2026-09-16,GW-014,30
cash_monkey_replica,2026-09-16,GW-015,30
cash_monkey_replica,2026-09-16,GW-016,30
cash_monkey_replica,2026-09-16,GW-017,30
cash_monkey_replica,2026-09-16,GW-018,30
cash_monkey_replica,2026-09-16,GW-019,30
cash_monkey_replica,2026-09-16,GW-020,30
cash_monkey_replica,2026-09-16,GW-021,30
cash_monkey_replica,2026-09-16,GW-022,30
cash_monkey_replica,2026-09-16,GW-023,30
cash_monkey_replica,2026-09-16,GW-024,30
cash_monkey_replica,2026-09-17,GW-001,30
cash_monkey_replica,2026-09-17,GW-002,30
cash_monkey_replica,2026-09-17,GW-003,30
cash_monkey_replica,2026-09-17,GW-004,30
cash_monkey_replica,2026-09-17,GW-005,30
cash_monkey_replica,2026-09-17,GW-006,30
cash_monkey_replica,2026-09-17,GW-007,30
cash_monkey_replica,2026-09-17,GW-008,30
cash_monkey_replica,2026-09-17,GW-009,30
cash_monkey_replica,2026-09-17,GW-010,30
cash_monkey_replica,2026-09-17,GW-011,30
cash_monkey_replica,2026-09-17,GW-012,30
cash_monkey_replica,2026-09-17,GW-013,30
cash_monkey_replica,2026-09-17,GW-014,30
cash_monkey_replica,2026-09-17,GW-015,30
cash_monkey_replica,2026-09-17,GW-016,30
cash_monkey_replica,2026-09-17,GW-017,30
cash_monkey_replica,2026-09-17,GW-018,30
cash_monkey_replica,2026-09-17,GW-019,30
cash_monkey_replica,2026-09-17,GW-020,30
cash_monkey_replica,2026-09-17,GW-021,30
cash_monkey_replica,2026-09-17,GW-022,30
cash_monkey_replica,2026-09-17,GW-023,30
cash_monkey_replica,2026-09-17,GW-024,30
cash_monkey_replica,2026-09-18,GW-001,30
cash_monkey_replica,2026-09-18,GW-002,30
cash_monkey_replica,2026-09-18,GW-003,30
cash_monkey_replica,2026-09-18,GW-004,30
cash_monkey_replica,2026-09-18,GW-005,30
cash_monkey_replica,2026-09-18,GW-006,30
cash_monkey_replica,2026-09-18,GW-007,30
cash_monkey_replica,2026-09-18,GW-008,30
cash_monkey_replica,2026-09-18,GW-009,30
cash_monkey_replica,2026-09-18,GW-010,30
cash_monkey_replica,2026-09-18,GW-011,30
cash_monkey_replica,2026-09-18,GW-012,30
cash_monkey_replica,2026-09-18,GW-013,30
cash_monkey_replica,2026-09-18,GW-014,30
cash_monkey_replica,2026-09-18,GW-015,30
cash_monkey_replica,2026-09-18,GW-016,30
cash_monkey_replica,2026-09-18,GW-017,30
cash_monkey_replica,2026-09-18,GW-018,30
cash_monkey_replica,2026-09-18,GW-019,30
cash_monkey_replica,2026-09-18,GW-020,30
cash_monkey_replica,2026-09-18,GW-021,30
cash_monkey_replica,2026-09-18,GW-022,30
cash_monkey_replica,2026-09-18,GW-023,30
cash_monkey_replica,2026-09-18,GW-024,30
cash_monkey_replica,2026-09-19,GW-001,30
cash_monkey_replica,2026-09-19,GW-002,30
cash_monkey_replica,2026-09-19,GW-003,30
cash_monkey_replica,2026-09-19,GW-004,30
cash_monkey_replica,2026-09-19,GW-005,30
cash_monkey_replica,2026-09-19,GW-006,30
cash_monkey_replica,2026-09-19,GW-007,30
cash_monkey_replica,2026-09-19,GW-008,30
cash_monkey_replica,2026-09-19,GW-009,30
cash_monkey_replica,2026-09-19,GW-010,30
cash_monkey_replica,2026-09-19,GW-011,30
cash_monkey_replica,2026-09-19,GW-012,30
cash_monkey_replica,2026-09-19,GW-013,30
cash_monkey_replica,2026-09-19,GW-014,30
cash_monkey_replica,2026-09-19,GW-015,30
cash_monkey_replica,2026-09-19,GW-016,30
cash_monkey_replica,2026-09-19,GW-017,30
cash_monkey_replica,2026-09-19,GW-018,30
cash_monkey_replica,2026-09-19,GW-019,30
cash_monkey_replica,2026-09-19,GW-020,30
cash_monkey_replica,2026-09-19,GW-021,30
cash_monkey_replica,2026-09-19,GW-022,30
cash_monkey_replica,2026-09-19,GW-023,30
cash_monkey_replica,2026-09-19,GW-024,30
cash_monkey_replica,2026-09-20,GW-001,30
cash_monkey_replica,2026-09-20,GW-002,30
cash_monkey_replica,2026-09-20,GW-003,30
cash_monkey_replica,2026-09-20,GW-004,30
cash_monkey_replica,2026-09-20,GW-005,30
cash_monkey_replica,2026-09-20,GW-006,30
cash_monkey_replica,2026-09-20,GW-007,30
cash_monkey_replica,2026-09-20,GW-008,30
cash_monkey_replica,2026-09-20,GW-009,30
cash_monkey_replica,2026-09-20,GW-010,30
cash_monkey_replica,2026-09-20,GW-011,30
cash_monkey_replica,2026-09-20,GW-012,30
cash_monkey_replica,2026-09-20,GW-013,30
cash_monkey_replica,2026-09-20,GW-014,30
cash_monkey_replica,2026-09-20,GW-015,30
cash_monkey_replica,2026-09-20,GW-016,30
cash_monkey_replica,2026-09-20,GW-017,30
cash_monkey_replica,2026-09-20,GW-018,30
cash_monkey_replica,2026-09-20,GW-019,30
cash_monkey_replica,2026-09-20,GW-020,30
cash_monkey_replica,2026-09-20,GW-021,30
cash_monkey_replica,2026-09-20,GW-022,30
cash_monkey_replica,2026-09-20,GW-023,30
cash_monkey_replica,2026-09-20,GW-024,30
cash_monkey_replica,2026-09-21,GW-001,30
cash_monkey_replica,2026-09-21,GW-002,30
cash_monkey_replica,2026-09-21,GW-003,30
cash_monkey_replica,2026-09-21,GW-004,30
cash_monkey_replica,2026-09-21,GW-005,30
cash_monkey_replica,2026-09-21,GW-006,30
cash_monkey_replica,2026-09-21,GW-007,30
cash_monkey_replica,2026-09-21,GW-008,30
cash_monkey_replica,2026-09-21,GW-009,30
cash_monkey_replica,2026-09-21,GW-010,30
cash_monkey_replica,2026-09-21,GW-011,30
cash_monkey_replica,2026-09-21,GW-012,30
cash_monkey_replica,2026-09-21,GW-013,30
cash_monkey_replica,2026-09-21,GW-014,30
cash_monkey_replica,2026-09-21,GW-015,30
cash_monkey_replica,2026-09-21,GW-016,30
cash_monkey_replica,2026-09-21,GW-017,30
cash_monkey_replica,2026-09-21,GW-018,30
cash_monkey_replica,2026-09-21,GW-019,30
cash_monkey_replica,2026-09-21,GW-020,30
cash_monkey_replica,2026-09-21,GW-021,30
cash_monkey_replica,2026-09-21,GW-022,30
cash_monkey_replica,2026-09-21,GW-023,30
cash_monkey_replica,2026-09-21,GW-024,30
cash_monkey_replica,2026-09-22,GW-001,30
cash_monkey_replica,2026-09-22,GW-002,30
cash_monkey_replica,2026-09-22,GW-003,30
cash_monkey_replica,2026-09-22,GW-004,30
cash_monkey_replica,2026-09-22,GW-005,30
cash_monkey_replica,2026-09-22,GW-006,30
cash_monkey_replica,2026-09-22,GW-007,30
cash_monkey_replica,2026-09-22,GW-008,30
cash_monkey_replica,2026-09-22,GW-009,30
cash_monkey_replica,2026-09-22,GW-010,30
cash_monkey_replica,2026-09-22,GW-011,30
cash_monkey_replica,2026-09-22,GW-012,30
cash_monkey_replica,2026-09-22,GW-013,30
cash_monkey_replica,2026-09-22,GW-014,30
cash_monkey_replica,2026-09-22,GW-015,30
cash_monkey_replica,2026-09-22,GW-016,30
cash_monkey_replica,2026-09-22,GW-017,30
cash_monkey_replica,2026-09-22,GW-018,30
cash_monkey_replica,2026-09-22,GW-019,30
cash_monkey_replica,2026-09-22,GW-020,30
cash_monkey_replica,2026-09-22,GW-021,30
cash_monkey_replica,2026-09-22,GW-022,30
cash_monkey_replica,2026-09-22,GW-023,30
cash_monkey_replica,2026-09-22,GW-024,30
cash_monkey_replica,2026-09-23,GW-001,30
cash_monkey_replica,2026-09-23,GW-002,30
cash_monkey_replica,2026-09-23,GW-003,30
cash_monkey_replica,2026-09-23,GW-004,30
cash_monkey_replica,2026-09-23,GW-005,30
cash_monkey_replica,2026-09-23,GW-006,30
cash_monkey_replica,2026-09-23,GW-007,30
cash_monkey_replica,2026-09-23,GW-008,30
cash_monkey_replica,2026-09-23,GW-009,30
cash_monkey_replica,2026-09-23,GW-010,30
cash_monkey_replica,2026-09-23,GW-011,30
cash_monkey_replica,2026-09-23,GW-012,30
cash_monkey_replica,2026-09-23,GW-013,30
cash_monkey_replica,2026-09-23,GW-014,30
cash_monkey_replica,2026-09-23,GW-015,30
cash_monkey_replica,2026-09-23,GW-016,30
cash_monkey_replica,2026-09-23,GW-017,30
cash_monkey_replica,2026-09-23,GW-018,30
cash_monkey_replica,2026-09-23,GW-019,30
cash_monkey_replica,2026-09-23,GW-020,30
cash_monkey_replica,2026-09-23,GW-021,30
cash_monkey_replica,2026-09-23,GW-022,30
cash_monkey_replica,2026-09-23,GW-023,30
cash_monkey_replica,2026-09-23,GW-024,30
cash_monkey_replica,2026-09-24,GW-001,30
cash_monkey_replica,2026-09-24,GW-002,30
cash_monkey_replica,2026-09-24,GW-003,30
cash_monkey_replica,2026-09-24,GW-004,30
cash_monkey_replica,2026-09-24,GW-005,30
cash_monkey_replica,2026-09-24,GW-006,30
cash_monkey_replica,2026-09-24,GW-007,30
cash_monkey_replica,2026-09-24,GW-008,30
cash_monkey_replica,2026-09-24,GW-009,30
cash_monkey_replica,2026-09-24,GW-010,30
cash_monkey_replica,2026-09-24,GW-011,30
cash_monkey_replica,2026-09-24,GW-012,30
cash_monkey_replica,2026-09-24,GW-013,30
cash_monkey_replica,2026-09-24,GW-014,30
cash_monkey_replica,2026-09-24,GW-015,30
cash_monkey_replica,2026-09-24,GW-016,30
cash_monkey_replica,2026-09-24,GW-017,30
cash_monkey_replica,2026-09-24,GW-018,30
cash_monkey_replica,2026-09-24,GW-019,30
cash_monkey_replica,2026-09-24,GW-020,30
cash_monkey_replica,2026-09-24,GW-021,30
cash_monkey_replica,2026-09-24,GW-022,30
cash_monkey_replica,2026-09-24,GW-023,30
cash_monkey_replica,2026-09-24,GW-024,30
cash_monkey_replica,2026-09-25,GW-001,30
cash_monkey_replica,2026-09-25,GW-002,30
cash_monkey_replica,2026-09-25,GW-003,30
cash_monkey_replica,2026-09-25,GW-004,30
cash_monkey_replica,2026-09-25,GW-005,30
cash_monkey_replica,2026-09-25,GW-006,30
cash_monkey_replica,2026-09-25,GW-007,30
cash_monkey_replica,2026-09-25,GW-008,30
cash_monkey_replica,2026-09-25,GW-009,30
cash_monkey_replica,2026-09-25,GW-010,30
cash_monkey_replica,2026-09-25,GW-011,30
cash_monkey_replica,2026-09-25,GW-012,30
cash_monkey_replica,2026-09-25,GW-013,30
cash_monkey_replica,2026-09-25,GW-014,30
cash_monkey_replica,2026-09-25,GW-015,30
cash_monkey_replica,2026-09-25,GW-016,30
cash_monkey_replica,2026-09-25,GW-017,30
cash_monkey_replica,2026-09-25,GW-018,30
cash_monkey_replica,2026-09-25,GW-019,30
cash_monkey_replica,2026-09-25,GW-020,30
cash_monkey_replica,2026-09-25,GW-021,30
cash_monkey_replica,2026-09-25,GW-022,30
cash_monkey_replica,2026-09-25,GW-023,30
cash_monkey_replica,2026-09-25,GW-024,30
cash_monkey_replica,2026-09-26,GW-001,30
cash_monkey_replica,2026-09-26,GW-002,30
cash_monkey_replica,2026-09-26,GW-003,30
cash_monkey_replica,2026-09-26,GW-004,30
cash_monkey_replica,2026-09-26,GW-005,30
cash_monkey_replica,2026-09-26,GW-006,30
cash_monkey_replica,2026-09-26,GW-007,30
cash_monkey_replica,2026-09-26,GW-008,30
cash_monkey_replica,2026-09-26,GW-009,30
cash_monkey_replica,2026-09-26,GW-010,30
cash_monkey_replica,2026-09-26,GW-011,30
cash_monkey_replica,2026-09-26,GW-012,30
cash_monkey_replica,2026-09-26,GW-013,30
cash_monkey_replica,2026-09-26,GW-014,30
cash_monkey_replica,2026-09-26,GW-015,30
cash_monkey_replica,2026-09-26,GW-016,30
cash_monkey_replica,2026-09-26,GW-017,30
cash_monkey_replica,2026-09-26,GW-018,30
cash_monkey_replica,2026-09-26,GW-019,30
cash_monkey_replica,2026-09-26,GW-020,30
cash_monkey_replica,2026-09-26,GW-021,30
cash_monkey_replica,2026-09-26,GW-022,30
cash_monkey_replica,2026-09-26,GW-023,30
cash_monkey_replica,2026-09-26,GW-024,30
cash_monkey_replica,2026-09-27,GW-001,30
cash_monkey_replica,2026-09-27,GW-002,30
cash_monkey_replica,2026-09-27,GW-003,30
cash_monkey_replica,2026-09-27,GW-004,30
cash_monkey_replica,2026-09-27,GW-005,30
cash_monkey_replica,2026-09-27,GW-006,30
cash_monkey_replica,2026-09-27,GW-007,30
cash_monkey_replica,2026-09-27,GW-008,30
cash_monkey_replica,2026-09-27,GW-009,30
cash_monkey_replica,2026-09-27,GW-010,30
cash_monkey_replica,2026-09-27,GW-011,30
cash_monkey_replica,2026-09-27,GW-012,30
cash_monkey_replica,2026-09-27,GW-013,30
cash_monkey_replica,2026-09-27,GW-014,30
cash_monkey_replica,2026-09-27,GW-015,30
cash_monkey_replica,2026-09-27,GW-016,30
cash_monkey_replica,2026-09-27,GW-017,30
cash_monkey_replica,2026-09-27,GW-018,30
cash_monkey_replica,2026-09-27,GW-019,30
cash_monkey_replica,2026-09-27,GW-020,30
cash_monkey_replica,2026-09-27,GW-021,30
cash_monkey_replica,2026-09-27,GW-022,30
cash_monkey_replica,2026-09-27,GW-023,30
cash_monkey_replica,2026-09-27,GW-024,30
cash_monkey_replica,2026-09-28,GW-001,30
cash_monkey_replica,2026-09-28,GW-002,30
cash_monkey_replica,2026-09-28,GW-003,30
cash_monkey_replica,2026-09-28,GW-004,30
cash_monkey_replica,2026-09-28,GW-005,30
cash_monkey_replica,2026-09-28,GW-006,30
cash_monkey_replica,2026-09-28,GW-007,30
cash_monkey_replica,2026-09-28,GW-008,30
cash_monkey_replica,2026-09-28,GW-009,30
cash_monkey_replica,2026-09-28,GW-010,30
cash_monkey_replica,2026-09-28,GW-011,30
cash_monkey_replica,2026-09-28,GW-012,30
cash_monkey_replica,2026-09-28,GW-013,30
cash_monkey_replica,2026-09-28,GW-014,30
cash_monkey_replica,2026-09-28,GW-015,30
cash_monkey_replica,2026-09-28,GW-016,30
cash_monkey_replica,2026-09-28,GW-017,30
cash_monkey_replica,2026-09-28,GW-018,30
cash_monkey_replica,2026-09-28,GW-019,30
cash_monkey_replica,2026-09-28,GW-020,30
cash_monkey_replica,2026-09-28,GW-021,30
cash_monkey_replica,2026-09-28,GW-022,30
cash_monkey_replica,2026-09-28,GW-023,30
cash_monkey_replica,2026-09-28,GW-024,30
cash_monkey_replica,2026-09-29,GW-001,30
cash_monkey_replica,2026-09-29,GW-002,30
cash_monkey_replica,2026-09-29,GW-003,30
cash_monkey_replica,2026-09-29,GW-004,30
cash_monkey_replica,2026-09-29,GW-005,30
cash_monkey_replica,2026-09-29,GW-006,30
cash_monkey_replica,2026-09-29,GW-007,30
cash_monkey_replica,2026-09-29,GW-008,30
cash_monkey_replica,2026-09-29,GW-009,30
cash_monkey_replica,2026-09-29,GW-010,30
cash_monkey_replica,2026-09-29,GW-011,30
cash_monkey_replica,2026-09-29,GW-012,30
cash_monkey_replica,2026-09-29,GW-013,30
cash_monkey_replica,2026-09-29,GW-014,30
cash_monkey_replica,2026-09-29,GW-015,30
cash_monkey_replica,2026-09-29,GW-016,30
cash_monkey_replica,2026-09-29,GW-017,30
cash_monkey_replica,2026-09-29,GW-018,30
cash_monkey_replica,2026-09-29,GW-019,30
cash_monkey_replica,2026-09-29,GW-020,30
cash_monkey_replica,2026-09-29,GW-021,30
cash_monkey_replica,2026-09-29,GW-022,30
cash_monkey_replica,2026-09-29,GW-023,30
cash_monkey_replica,2026-09-29,GW-024,30
cash_monkey_replica,2026-09-30,GW-001,30
cash_monkey_replica,2026-09-30,GW-002,30
cash_monkey_replica,2026-09-30,GW-003,30
cash_monkey_replica,2026-09-30,GW-004,30
cash_monkey_replica,2026-09-30,GW-005,30
cash_monkey_replica,2026-09-30,GW-006,30
cash_monkey_replica,2026-09-30,GW-007,30
cash_monkey_replica,2026-09-30,GW-008,30
cash_monkey_replica,2026-09-30,GW-009,30
cash_monkey_replica,2026-09-30,GW-010,30
cash_monkey_replica,2026-09-30,GW-011,30
cash_monkey_replica,2026-09-30,GW-012,30
cash_monkey_replica,2026-09-30,GW-013,30
cash_monkey_replica,2026-09-30,GW-014,30
cash_monkey_replica,2026-09-30,GW-015,30
cash_monkey_replica,2026-09-30,GW-016,30
cash_monkey_replica,2026-09-30,GW-017,30
cash_monkey_replica,2026-09-30,GW-018,30
cash_monkey_replica,2026-09-30,GW-019,30
cash_monkey_replica,2026-09-30,GW-020,30
cash_monkey_replica,2026-09-30,GW-021,30
cash_monkey_replica,2026-09-30,GW-022,30
cash_monkey_replica,2026-09-30,GW-023,30
cash_monkey_replica,2026-09-30,GW-024,30
