order_id,unit_id,order_date,sku,title,category,store_id,buyer_id,account,channel,quantity,item_revenue,shipping_revenue,refund_amount,payment_fee,payout_amount,source_name,synthetic,grain,reporting_date,reporting_timezone,currency
CM-20260930-0001,CM-20260930-0001-U1,2026-09-30,DEMO-CASH_MONKEY-20260930-0001,Engineering reference manual,Books,GW-001,DEMO-CASH_MONKEY-0001,276 - Goodwill Michiana,Amazon-MF,1,37.64,3.99,18.82,3.76,19.05,cash_monkey_replica,true,one row per unit,2026-09-30,UTC,USD
CM-20260930-0001,CM-20260930-0001-U2,2026-09-30,DEMO-CASH_MONKEY-20260930-0001,Engineering reference manual,Books,GW-001,DEMO-CASH_MONKEY-0001,276 - Goodwill Michiana,Amazon-MF,1,37.64,3.99,18.82,3.76,19.05,cash_monkey_replica,true,one row per unit,2026-09-30,UTC,USD
CM-20260930-0002,CM-20260930-0002-U1,2026-09-30,DEMO-CASH_MONKEY-20260930-0002,Hardcover regional cookbook,Books,GW-002,DEMO-CASH_MONKEY-0002,277 - Goodwill Michiana (Stores),eBay,1,39.75,4.99,0.00,3.97,40.77,cash_monkey_replica,true,one row per unit,2026-09-30,UTC,USD
CM-20260930-0003,CM-20260930-0003-U1,2026-09-30,DEMO-CASH_MONKEY-20260930-0003,Collected short stories,Books,GW-003,DEMO-CASH_MONKEY-0003,276 - Goodwill Michiana,Goodwillbooks,1,41.86,5.99,0.00,4.18,43.67,cash_monkey_replica,true,one row per unit,2026-09-30,UTC,USD
CM-20260930-0004,CM-20260930-0004-U1,2026-09-30,DEMO-CASH_MONKEY-20260930-0004,Paperback history,Books,GW-004,DEMO-CASH_MONKEY-0004,277 - Goodwill Michiana (Stores),Amazon-MF,1,43.97,6.99,0.00,4.39,46.57,cash_monkey_replica,true,one row per unit,2026-09-30,UTC,USD
CM-20260930-0005,CM-20260930-0005-U1,2026-09-30,DEMO-CASH_MONKEY-20260930-0005,Engineering reference manual,Books,GW-005,DEMO-CASH_MONKEY-0005,276 - Goodwill Michiana,eBay,1,46.08,7.99,0.00,4.60,49.47,cash_monkey_replica,true,one row per unit,2026-09-30,UTC,USD
CM-20260930-0006,CM-20260930-0006-U1,2026-09-30,DEMO-CASH_MONKEY-20260930-0006,Hardcover regional cookbook,Books,GW-006,DEMO-CASH_MONKEY-0006,277 - Goodwill Michiana (Stores),Goodwillbooks,1,48.19,3.99,0.00,4.81,47.37,cash_monkey_replica,true,one row per unit,2026-09-30,UTC,USD
CM-20260930-0007,CM-20260930-0007-U1,2026-09-30,DEMO-CASH_MONKEY-20260930-0007,Collected short stories,Books,GW-007,DEMO-CASH_MONKEY-0007,276 - Goodwill Michiana,Amazon-MF,1,50.30,4.99,0.00,5.03,50.26,cash_monkey_replica,true,one row per unit,2026-09-30,UTC,USD
CM-20260930-0008,CM-20260930-0008-U1,2026-09-30,DEMO-CASH_MONKEY-20260930-0008,Paperback history,Books,GW-008,DEMO-CASH_MONKEY-0008,277 - Goodwill Michiana (Stores),eBay,1,52.41,5.99,0.00,5.24,53.16,cash_monkey_replica,true,one row per unit,2026-09-30,UTC,USD
CM-20260930-0009,CM-20260930-0009-U1,2026-09-30,DEMO-CASH_MONKEY-20260930-0009,Engineering reference manual,Books,GW-009,DEMO-CASH_MONKEY-0009,276 - Goodwill Michiana,Goodwillbooks,1,54.52,6.99,0.00,5.45,56.06,cash_monkey_replica,true,one row per unit,2026-09-30,UTC,USD
CM-20260930-0010,CM-20260930-0010-U1,2026-09-30,DEMO-CASH_MONKEY-20260930-0010,Hardcover regional cookbook,Books,GW-010,DEMO-CASH_MONKEY-0010,277 - Goodwill Michiana (Stores),Amazon-MF,1,56.63,7.99,0.00,5.66,58.96,cash_monkey_replica,true,one row per unit,2026-09-30,UTC,USD
CM-20260930-0011,CM-20260930-0011-U1,2026-09-30,DEMO-CASH_MONKEY-20260930-0011,Collected short stories,Books,GW-011,DEMO-CASH_MONKEY-0011,276 - Goodwill Michiana,eBay,1,58.74,3.99,0.00,5.87,56.86,cash_monkey_replica,true,one row per unit,2026-09-30,UTC,USD
CM-20260930-0012,CM-20260930-0012-U1,2026-09-30,DEMO-CASH_MONKEY-20260930-0012,Paperback history,Books,GW-012,DEMO-CASH_MONKEY-0012,277 - Goodwill Michiana (Stores),Goodwillbooks,1,60.85,4.99,0.00,6.08,59.76,cash_monkey_replica,true,one row per unit,2026-09-30,UTC,USD
CM-20260930-0013,CM-20260930-0013-U1,2026-09-30,DEMO-CASH_MONKEY-20260930-0013,Engineering reference manual,Books,GW-013,DEMO-CASH_MONKEY-0013,276 - Goodwill Michiana,Amazon-MF,1,62.96,5.99,0.00,6.29,62.66,cash_monkey_replica,true,one row per unit,2026-09-30,UTC,USD
CM-20260930-0014,CM-20260930-0014-U1,2026-09-30,DEMO-CASH_MONKEY-20260930-0014,Hardcover regional cookbook,Books,GW-014,DEMO-CASH_MONKEY-0014,277 - Goodwill Michiana (Stores),eBay,1,65.07,6.99,0.00,6.50,65.56,cash_monkey_replica,true,one row per unit,2026-09-30,UTC,USD
CM-20260930-0015,CM-20260930-0015-U1,2026-09-30,DEMO-CASH_MONKEY-20260930-0015,Collected short stories,Books,GW-015,DEMO-CASH_MONKEY-0015,276 - Goodwill Michiana,Goodwillbooks,1,67.18,7.99,0.00,6.71,68.46,cash_monkey_replica,true,one row per unit,2026-09-30,UTC,USD
CM-20260930-0016,CM-20260930-0016-U1,2026-09-30,DEMO-CASH_MONKEY-20260930-0016,Paperback history,Books,GW-016,DEMO-CASH_MONKEY-0016,277 - Goodwill Michiana (Stores),Amazon-MF,1,69.29,3.99,0.00,6.92,66.36,cash_monkey_replica,true,one row per unit,2026-09-30,UTC,USD
CM-20260930-0016,CM-20260930-0016-U2,2026-09-30,DEMO-CASH_MONKEY-20260930-0016,Paperback history,Books,GW-016,DEMO-CASH_MONKEY-0016,277 - Goodwill Michiana (Stores),Amazon-MF,1,69.29,3.99,0.00,6.92,66.36,cash_monkey_replica,true,one row per unit,2026-09-30,UTC,USD
CM-20260930-0017,CM-20260930-0017-U1,2026-09-30,DEMO-CASH_MONKEY-20260930-0017,Engineering reference manual,Books,GW-017,DEMO-CASH_MONKEY-0017,276 - Goodwill Michiana,eBay,1,71.40,4.99,0.00,7.14,69.25,cash_monkey_replica,true,one row per unit,2026-09-30,UTC,USD
CM-20260930-0018,CM-20260930-0018-U1,2026-09-30,DEMO-CASH_MONKEY-20260930-0018,Hardcover regional cookbook,Books,GW-018,DEMO-CASH_MONKEY-0018,277 - Goodwill Michiana (Stores),Goodwillbooks,1,73.51,5.99,36.75,7.35,35.40,cash_monkey_replica,true,one row per unit,2026-09-30,UTC,USD
CM-20260930-0019,CM-20260930-0019-U1,2026-09-30,DEMO-CASH_MONKEY-20260930-0019,Collected short stories,Books,GW-019,DEMO-CASH_MONKEY-0019,276 - Goodwill Michiana,Amazon-MF,1,75.62,6.99,0.00,7.56,75.05,cash_monkey_replica,true,one row per unit,2026-09-30,UTC,USD
CM-20260930-0020,CM-20260930-0020-U1,2026-09-30,DEMO-CASH_MONKEY-20260930-0020,Paperback history,Books,GW-020,DEMO-CASH_MONKEY-0020,277 - Goodwill Michiana (Stores),eBay,1,77.73,7.99,0.00,7.77,77.95,cash_monkey_replica,true,one row per unit,2026-09-30,UTC,USD
CM-20260930-0021,CM-20260930-0021-U1,2026-09-30,DEMO-CASH_MONKEY-20260930-0021,Engineering reference manual,Books,GW-021,DEMO-CASH_MONKEY-0021,276 - Goodwill Michiana,Goodwillbooks,1,79.84,3.99,0.00,7.98,75.85,cash_monkey_replica,true,one row per unit,2026-09-30,UTC,USD
CM-20260930-0022,CM-20260930-0022-U1,2026-09-30,DEMO-CASH_MONKEY-20260930-0022,Hardcover regional cookbook,Books,GW-022,DEMO-CASH_MONKEY-0022,277 - Goodwill Michiana (Stores),Amazon-MF,1,81.95,4.99,0.00,8.19,78.75,cash_monkey_replica,true,one row per unit,2026-09-30,UTC,USD
CM-20260930-0023,CM-20260930-0023-U1,2026-09-30,DEMO-CASH_MONKEY-20260930-0023,Collected short stories,Books,GW-023,DEMO-CASH_MONKEY-0023,276 - Goodwill Michiana,eBay,1,84.06,5.99,0.00,8.40,81.65,cash_monkey_replica,true,one row per unit,2026-09-30,UTC,USD
CM-20260930-0024,CM-20260930-0024-U1,2026-09-30,DEMO-CASH_MONKEY-20260930-0024,Paperback history,Books,GW-024,DEMO-CASH_MONKEY-0024,277 - Goodwill Michiana (Stores),Goodwillbooks,1,86.17,6.99,0.00,8.61,84.55,cash_monkey_replica,true,one row per unit,2026-09-30,UTC,USD
CM-20260930-0025,CM-20260930-0025-U1,2026-09-30,DEMO-CASH_MONKEY-20260930-0025,Engineering reference manual,Books,GW-001,DEMO-CASH_MONKEY-0025,276 - Goodwill Michiana,Amazon-MF,1,88.28,7.99,0.00,8.82,87.45,cash_monkey_replica,true,one row per unit,2026-09-30,UTC,USD
CM-20260930-0026,CM-20260930-0026-U1,2026-09-30,DEMO-CASH_MONKEY-20260930-0026,Hardcover regional cookbook,Books,GW-002,DEMO-CASH_MONKEY-0026,277 - Goodwill Michiana (Stores),eBay,1,5.39,3.99,0.00,0.53,8.85,cash_monkey_replica,true,one row per unit,2026-09-30,UTC,USD
CM-20260930-0027,CM-20260930-0027-U1,2026-09-30,DEMO-CASH_MONKEY-20260930-0027,Collected short stories,Books,GW-003,DEMO-CASH_MONKEY-0027,276 - Goodwill Michiana,Goodwillbooks,1,7.50,4.99,0.00,0.75,11.74,cash_monkey_replica,true,one row per unit,2026-09-30,UTC,USD
CM-20260930-0028,CM-20260930-0028-U1,2026-09-30,DEMO-CASH_MONKEY-20260930-0028,Paperback history,Books,GW-004,DEMO-CASH_MONKEY-0028,277 - Goodwill Michiana (Stores),Amazon-MF,1,9.61,5.99,0.00,0.96,14.64,cash_monkey_replica,true,one row per unit,2026-09-30,UTC,USD
CM-20260930-0029,CM-20260930-0029-U1,2026-09-30,DEMO-CASH_MONKEY-20260930-0029,Engineering reference manual,Books,GW-005,DEMO-CASH_MONKEY-0029,276 - Goodwill Michiana,eBay,1,11.72,6.99,0.00,1.17,17.54,cash_monkey_replica,true,one row per unit,2026-09-30,UTC,USD
CM-20260930-0030,CM-20260930-0030-U1,2026-09-30,DEMO-CASH_MONKEY-20260930-0030,Hardcover regional cookbook,Books,GW-006,DEMO-CASH_MONKEY-0030,277 - Goodwill Michiana (Stores),Goodwillbooks,1,13.83,7.99,0.00,1.38,20.44,cash_monkey_replica,true,one row per unit,2026-09-30,UTC,USD
