paid_order_id,paid_at,item_id,store_id,channel,buyer_id,item_title,category,quantity,gross_sales,shipping_collected,sales_tax,marketplace_fee,refund_amount,net_sales,source_name,synthetic,grain,reporting_date,reporting_timezone,currency
UP-20260927-0001,2026-09-27T18:00:00+00:00,DEMO-ITEM-20260927-0001,GW-001,Shopgoodwill,DEMO-UPRIGHT-0001,Vintage ceramic vase,Home,1,43.53,3.99,3.04,4.35,21.76,21.77,upright_replica,true,one row per paid order,2026-09-27,America/Indiana/Indianapolis,USD
UP-20260927-0002,2026-09-27T19:00:00+00:00,DEMO-ITEM-20260927-0002,GW-002,eBay,DEMO-UPRIGHT-0002,"Wool cardigan, size S",Apparel,1,45.64,4.99,3.19,4.56,0.00,45.64,upright_replica,true,one row per paid order,2026-09-27,America/Indiana/Indianapolis,USD
UP-20260927-0003,2026-09-27T20:00:00+00:00,DEMO-ITEM-20260927-0003,GW-003,Goodwillfinds,DEMO-UPRIGHT-0003,Framed landscape print,Art,1,47.75,5.99,3.34,4.77,0.00,47.75,upright_replica,true,one row per paid order,2026-09-27,America/Indiana/Indianapolis,USD
UP-20260927-0004,2026-09-27T21:00:00+00:00,DEMO-ITEM-20260927-0004,GW-004,Shopgoodwill,DEMO-UPRIGHT-0004,Silver-tone necklace,Jewelry,1,49.86,6.99,3.49,4.98,0.00,49.86,upright_replica,true,one row per paid order,2026-09-27,America/Indiana/Indianapolis,USD
UP-20260927-0005,2026-09-27T18:00:00+00:00,DEMO-ITEM-20260927-0005,GW-005,eBay,DEMO-UPRIGHT-0005,Vintage ceramic vase,Home,1,51.97,7.99,3.63,5.19,0.00,51.97,upright_replica,true,one row per paid order,2026-09-27,America/Indiana/Indianapolis,USD
UP-20260927-0006,2026-09-27T19:00:00+00:00,DEMO-ITEM-20260927-0006,GW-006,Goodwillfinds,DEMO-UPRIGHT-0006,"Wool cardigan, size S",Apparel,1,54.08,3.99,3.78,5.40,0.00,54.08,upright_replica,true,one row per paid order,2026-09-27,America/Indiana/Indianapolis,USD
UP-20260927-0007,2026-09-27T20:00:00+00:00,DEMO-ITEM-20260927-0007,GW-007,Shopgoodwill,DEMO-UPRIGHT-0007,Framed landscape print,Art,1,56.19,4.99,3.93,5.61,0.00,56.19,upright_replica,true,one row per paid order,2026-09-27,America/Indiana/Indianapolis,USD
UP-20260927-0008,2026-09-27T21:00:00+00:00,DEMO-ITEM-20260927-0008,GW-008,eBay,DEMO-UPRIGHT-0008,Silver-tone necklace,Jewelry,1,58.30,5.99,4.08,5.83,0.00,58.30,upright_replica,true,one row per paid order,2026-09-27,America/Indiana/Indianapolis,USD
UP-20260927-0009,2026-09-27T18:00:00+00:00,DEMO-ITEM-20260927-0009,GW-009,Goodwillfinds,DEMO-UPRIGHT-0009,Vintage ceramic vase,Home,1,60.41,6.99,4.22,6.04,0.00,60.41,upright_replica,true,one row per paid order,2026-09-27,America/Indiana/Indianapolis,USD
UP-20260927-0010,2026-09-27T19:00:00+00:00,DEMO-ITEM-20260927-0010,GW-010,Shopgoodwill,DEMO-UPRIGHT-0010,"Wool cardigan, size S",Apparel,1,62.52,7.99,4.37,6.25,0.00,62.52,upright_replica,true,one row per paid order,2026-09-27,America/Indiana/Indianapolis,USD
UP-20260927-0011,2026-09-27T20:00:00+00:00,DEMO-ITEM-20260927-0011,GW-011,eBay,DEMO-UPRIGHT-0011,Framed landscape print,Art,1,64.63,3.99,4.52,6.46,0.00,64.63,upright_replica,true,one row per paid order,2026-09-27,America/Indiana/Indianapolis,USD
UP-20260927-0012,2026-09-27T21:00:00+00:00,DEMO-ITEM-20260927-0012,GW-012,Goodwillfinds,DEMO-UPRIGHT-0012,Silver-tone necklace,Jewelry,1,66.74,4.99,4.67,6.67,0.00,66.74,upright_replica,true,one row per paid order,2026-09-27,America/Indiana/Indianapolis,USD
UP-20260927-0013,2026-09-27T18:00:00+00:00,DEMO-ITEM-20260927-0013,GW-013,Shopgoodwill,DEMO-UPRIGHT-0013,Vintage ceramic vase,Home,1,68.85,5.99,4.81,6.88,0.00,68.85,upright_replica,true,one row per paid order,2026-09-27,America/Indiana/Indianapolis,USD
UP-20260927-0014,2026-09-27T19:00:00+00:00,DEMO-ITEM-20260927-0014,GW-014,eBay,DEMO-UPRIGHT-0014,"Wool cardigan, size S",Apparel,1,70.96,6.99,4.96,7.09,0.00,70.96,upright_replica,true,one row per paid order,2026-09-27,America/Indiana/Indianapolis,USD
UP-20260927-0015,2026-09-27T20:00:00+00:00,DEMO-ITEM-20260927-0015,GW-015,Goodwillfinds,DEMO-UPRIGHT-0015,Framed landscape print,Art,1,73.07,7.99,5.11,7.30,0.00,73.07,upright_replica,true,one row per paid order,2026-09-27,America/Indiana/Indianapolis,USD
UP-20260927-0016,2026-09-27T21:00:00+00:00,DEMO-ITEM-20260927-0016,GW-016,Shopgoodwill,DEMO-UPRIGHT-0016,Silver-tone necklace,Jewelry,1,75.18,3.99,5.26,7.51,0.00,75.18,upright_replica,true,one row per paid order,2026-09-27,America/Indiana/Indianapolis,USD
UP-20260927-0017,2026-09-27T18:00:00+00:00,DEMO-ITEM-20260927-0017,GW-017,eBay,DEMO-UPRIGHT-0017,Vintage ceramic vase,Home,1,77.29,4.99,5.41,7.72,0.00,77.29,upright_replica,true,one row per paid order,2026-09-27,America/Indiana/Indianapolis,USD
UP-20260927-0018,2026-09-27T19:00:00+00:00,DEMO-ITEM-20260927-0018,GW-018,Goodwillfinds,DEMO-UPRIGHT-0018,"Wool cardigan, size S",Apparel,1,79.40,5.99,5.55,7.94,39.70,39.70,upright_replica,true,one row per paid order,2026-09-27,America/Indiana/Indianapolis,USD
UP-20260927-0019,2026-09-27T20:00:00+00:00,DEMO-ITEM-20260927-0019,GW-019,Shopgoodwill,DEMO-UPRIGHT-0019,Framed landscape print,Art,1,81.51,6.99,5.70,8.15,0.00,81.51,upright_replica,true,one row per paid order,2026-09-27,America/Indiana/Indianapolis,USD
UP-20260927-0020,2026-09-27T21:00:00+00:00,DEMO-ITEM-20260927-0020,GW-020,eBay,DEMO-UPRIGHT-0020,Silver-tone necklace,Jewelry,1,83.62,7.99,5.85,8.36,0.00,83.62,upright_replica,true,one row per paid order,2026-09-27,America/Indiana/Indianapolis,USD
UP-20260927-0021,2026-09-27T18:00:00+00:00,DEMO-ITEM-20260927-0021,GW-021,Goodwillfinds,DEMO-UPRIGHT-0021,Vintage ceramic vase,Home,1,85.73,3.99,6.00,8.57,0.00,85.73,upright_replica,true,one row per paid order,2026-09-27,America/Indiana/Indianapolis,USD
UP-20260927-0022,2026-09-27T19:00:00+00:00,DEMO-ITEM-20260927-0022,GW-022,Shopgoodwill,DEMO-UPRIGHT-0022,"Wool cardigan, size S",Apparel,1,87.84,4.99,6.14,8.78,0.00,87.84,upright_replica,true,one row per paid order,2026-09-27,America/Indiana/Indianapolis,USD
UP-20260927-0023,2026-09-27T20:00:00+00:00,DEMO-ITEM-20260927-0023,GW-023,eBay,DEMO-UPRIGHT-0023,Framed landscape print,Art,1,89.95,5.99,6.29,8.99,0.00,89.95,upright_replica,true,one row per paid order,2026-09-27,America/Indiana/Indianapolis,USD
UP-20260927-0024,2026-09-27T21:00:00+00:00,DEMO-ITEM-20260927-0024,GW-024,Goodwillfinds,DEMO-UPRIGHT-0024,Silver-tone necklace,Jewelry,1,92.06,6.99,6.44,9.20,0.00,92.06,upright_replica,true,one row per paid order,2026-09-27,America/Indiana/Indianapolis,USD
UP-20260927-0025,2026-09-27T18:00:00+00:00,DEMO-ITEM-20260927-0025,GW-001,Shopgoodwill,DEMO-UPRIGHT-0025,Vintage ceramic vase,Home,1,94.17,7.99,6.59,9.41,0.00,94.17,upright_replica,true,one row per paid order,2026-09-27,America/Indiana/Indianapolis,USD
UP-20260927-0026,2026-09-27T19:00:00+00:00,DEMO-ITEM-20260927-0026,GW-002,eBay,DEMO-UPRIGHT-0026,"Wool cardigan, size S",Apparel,1,96.28,3.99,6.73,9.62,0.00,96.28,upright_replica,true,one row per paid order,2026-09-27,America/Indiana/Indianapolis,USD
UP-20260927-0027,2026-09-27T20:00:00+00:00,DEMO-ITEM-20260927-0027,GW-003,Goodwillfinds,DEMO-UPRIGHT-0027,Framed landscape print,Art,1,98.39,4.99,6.88,9.83,0.00,98.39,upright_replica,true,one row per paid order,2026-09-27,America/Indiana/Indianapolis,USD
UP-20260927-0028,2026-09-27T21:00:00+00:00,DEMO-ITEM-20260927-0028,GW-004,Shopgoodwill,DEMO-UPRIGHT-0028,Silver-tone necklace,Jewelry,1,15.50,5.99,1.08,1.55,0.00,15.50,upright_replica,true,one row per paid order,2026-09-27,America/Indiana/Indianapolis,USD
UP-20260927-0029,2026-09-27T18:00:00+00:00,DEMO-ITEM-20260927-0029,GW-005,eBay,DEMO-UPRIGHT-0029,Vintage ceramic vase,Home,1,17.61,6.99,1.23,1.76,0.00,17.61,upright_replica,true,one row per paid order,2026-09-27,America/Indiana/Indianapolis,USD
UP-20260927-0030,2026-09-27T19:00:00+00:00,DEMO-ITEM-20260927-0030,GW-006,Goodwillfinds,DEMO-UPRIGHT-0030,"Wool cardigan, size S",Apparel,1,19.72,7.99,1.38,1.97,0.00,19.72,upright_replica,true,one row per paid order,2026-09-27,America/Indiana/Indianapolis,USD
UP-20260927-0031,2026-09-27T20:00:00+00:00,DEMO-ITEM-20260927-0031,GW-007,Shopgoodwill,DEMO-UPRIGHT-0031,Framed landscape print,Art,1,21.83,3.99,1.52,2.18,0.00,21.83,upright_replica,true,one row per paid order,2026-09-27,America/Indiana/Indianapolis,USD
UP-20260927-0032,2026-09-27T21:00:00+00:00,DEMO-ITEM-20260927-0032,GW-008,eBay,DEMO-UPRIGHT-0032,Silver-tone necklace,Jewelry,1,23.94,4.99,1.67,2.39,0.00,23.94,upright_replica,true,one row per paid order,2026-09-27,America/Indiana/Indianapolis,USD
UP-20260927-0033,2026-09-27T18:00:00+00:00,DEMO-ITEM-20260927-0033,GW-009,Goodwillfinds,DEMO-UPRIGHT-0033,Vintage ceramic vase,Home,1,26.05,5.99,1.82,2.60,0.00,26.05,upright_replica,true,one row per paid order,2026-09-27,America/Indiana/Indianapolis,USD
UP-20260927-0034,2026-09-27T19:00:00+00:00,DEMO-ITEM-20260927-0034,GW-010,Shopgoodwill,DEMO-UPRIGHT-0034,"Wool cardigan, size S",Apparel,1,28.16,6.99,1.97,2.81,0.00,28.16,upright_replica,true,one row per paid order,2026-09-27,America/Indiana/Indianapolis,USD
UP-20260927-0035,2026-09-27T20:00:00+00:00,DEMO-ITEM-20260927-0035,GW-011,eBay,DEMO-UPRIGHT-0035,Framed landscape print,Art,1,30.27,7.99,2.11,3.02,15.13,15.14,upright_replica,true,one row per paid order,2026-09-27,America/Indiana/Indianapolis,USD
UP-20260927-0036,2026-09-27T21:00:00+00:00,DEMO-ITEM-20260927-0036,GW-012,Goodwillfinds,DEMO-UPRIGHT-0036,Silver-tone necklace,Jewelry,1,32.38,3.99,2.26,3.23,0.00,32.38,upright_replica,true,one row per paid order,2026-09-27,America/Indiana/Indianapolis,USD
UP-20260927-0037,2026-09-27T18:00:00+00:00,DEMO-ITEM-20260927-0037,GW-013,Shopgoodwill,DEMO-UPRIGHT-0037,Vintage ceramic vase,Home,1,34.49,4.99,2.41,3.44,0.00,34.49,upright_replica,true,one row per paid order,2026-09-27,America/Indiana/Indianapolis,USD
UP-20260927-0038,2026-09-27T19:00:00+00:00,DEMO-ITEM-20260927-0038,GW-014,eBay,DEMO-UPRIGHT-0038,"Wool cardigan, size S",Apparel,1,36.60,5.99,2.56,3.66,0.00,36.60,upright_replica,true,one row per paid order,2026-09-27,America/Indiana/Indianapolis,USD
UP-20260927-0039,2026-09-27T20:00:00+00:00,DEMO-ITEM-20260927-0039,GW-015,Goodwillfinds,DEMO-UPRIGHT-0039,Framed landscape print,Art,1,38.71,6.99,2.70,3.87,0.00,38.71,upright_replica,true,one row per paid order,2026-09-27,America/Indiana/Indianapolis,USD
UP-20260927-0040,2026-09-27T21:00:00+00:00,DEMO-ITEM-20260927-0040,GW-016,Shopgoodwill,DEMO-UPRIGHT-0040,Silver-tone necklace,Jewelry,1,40.82,7.99,2.85,4.08,0.00,40.82,upright_replica,true,one row per paid order,2026-09-27,America/Indiana/Indianapolis,USD
UP-20260927-0041,2026-09-27T18:00:00+00:00,DEMO-ITEM-20260927-0041,GW-017,eBay,DEMO-UPRIGHT-0041,Vintage ceramic vase,Home,1,42.93,3.99,3.00,4.29,0.00,42.93,upright_replica,true,one row per paid order,2026-09-27,America/Indiana/Indianapolis,USD
UP-20260927-0042,2026-09-27T19:00:00+00:00,DEMO-ITEM-20260927-0042,GW-018,Goodwillfinds,DEMO-UPRIGHT-0042,"Wool cardigan, size S",Apparel,1,45.04,4.99,3.15,4.50,0.00,45.04,upright_replica,true,one row per paid order,2026-09-27,America/Indiana/Indianapolis,USD
UP-20260927-0043,2026-09-27T20:00:00+00:00,DEMO-ITEM-20260927-0043,GW-019,Shopgoodwill,DEMO-UPRIGHT-0043,Framed landscape print,Art,1,47.15,5.99,3.30,4.71,0.00,47.15,upright_replica,true,one row per paid order,2026-09-27,America/Indiana/Indianapolis,USD
UP-20260927-0044,2026-09-27T21:00:00+00:00,DEMO-ITEM-20260927-0044,GW-020,eBay,DEMO-UPRIGHT-0044,Silver-tone necklace,Jewelry,1,49.26,6.99,3.44,4.92,0.00,49.26,upright_replica,true,one row per paid order,2026-09-27,America/Indiana/Indianapolis,USD
UP-20260927-0045,2026-09-27T18:00:00+00:00,DEMO-ITEM-20260927-0045,GW-021,Goodwillfinds,DEMO-UPRIGHT-0045,Vintage ceramic vase,Home,1,51.37,7.99,3.59,5.13,0.00,51.37,upright_replica,true,one row per paid order,2026-09-27,America/Indiana/Indianapolis,USD
UP-20260927-0046,2026-09-27T19:00:00+00:00,DEMO-ITEM-20260927-0046,GW-022,Shopgoodwill,DEMO-UPRIGHT-0046,"Wool cardigan, size S",Apparel,1,53.48,3.99,3.74,5.34,0.00,53.48,upright_replica,true,one row per paid order,2026-09-27,America/Indiana/Indianapolis,USD
UP-20260927-0047,2026-09-27T20:00:00+00:00,DEMO-ITEM-20260927-0047,GW-023,eBay,DEMO-UPRIGHT-0047,Framed landscape print,Art,1,55.59,4.99,3.89,5.55,0.00,55.59,upright_replica,true,one row per paid order,2026-09-27,America/Indiana/Indianapolis,USD
UP-20260927-0048,2026-09-27T21:00:00+00:00,DEMO-ITEM-20260927-0048,GW-024,Goodwillfinds,DEMO-UPRIGHT-0048,Silver-tone necklace,Jewelry,1,57.70,5.99,4.03,5.77,0.00,57.70,upright_replica,true,one row per paid order,2026-09-27,America/Indiana/Indianapolis,USD
UP-20260927-0049,2026-09-27T18:00:00+00:00,DEMO-ITEM-20260927-0049,GW-001,Shopgoodwill,DEMO-UPRIGHT-0049,Vintage ceramic vase,Home,1,59.81,6.99,4.18,5.98,0.00,59.81,upright_replica,true,one row per paid order,2026-09-27,America/Indiana/Indianapolis,USD
UP-20260927-0050,2026-09-27T19:00:00+00:00,DEMO-ITEM-20260927-0050,GW-002,eBay,DEMO-UPRIGHT-0050,"Wool cardigan, size S",Apparel,1,61.92,7.99,4.33,6.19,0.00,61.92,upright_replica,true,one row per paid order,2026-09-27,America/Indiana/Indianapolis,USD
UP-20260927-0051,2026-09-27T20:00:00+00:00,DEMO-ITEM-20260927-0051,GW-003,Goodwillfinds,DEMO-UPRIGHT-0051,Framed landscape print,Art,1,64.03,3.99,4.48,6.40,0.00,64.03,upright_replica,true,one row per paid order,2026-09-27,America/Indiana/Indianapolis,USD
UP-20260927-0052,2026-09-27T21:00:00+00:00,DEMO-ITEM-20260927-0052,GW-004,Shopgoodwill,DEMO-UPRIGHT-0052,Silver-tone necklace,Jewelry,1,66.14,4.99,4.62,6.61,33.07,33.07,upright_replica,true,one row per paid order,2026-09-27,America/Indiana/Indianapolis,USD
UP-20260927-0053,2026-09-27T18:00:00+00:00,DEMO-ITEM-20260927-0053,GW-005,eBay,DEMO-UPRIGHT-0053,Vintage ceramic vase,Home,1,68.25,5.99,4.77,6.82,0.00,68.25,upright_replica,true,one row per paid order,2026-09-27,America/Indiana/Indianapolis,USD
UP-20260927-0054,2026-09-27T19:00:00+00:00,DEMO-ITEM-20260927-0054,GW-006,Goodwillfinds,DEMO-UPRIGHT-0054,"Wool cardigan, size S",Apparel,1,70.36,6.99,4.92,7.03,0.00,70.36,upright_replica,true,one row per paid order,2026-09-27,America/Indiana/Indianapolis,USD
UP-20260927-0055,2026-09-27T20:00:00+00:00,DEMO-ITEM-20260927-0055,GW-007,Shopgoodwill,DEMO-UPRIGHT-0055,Framed landscape print,Art,1,72.47,7.99,5.07,7.24,0.00,72.47,upright_replica,true,one row per paid order,2026-09-27,America/Indiana/Indianapolis,USD
UP-20260927-0056,2026-09-27T21:00:00+00:00,DEMO-ITEM-20260927-0056,GW-008,eBay,DEMO-UPRIGHT-0056,Silver-tone necklace,Jewelry,1,74.58,3.99,5.22,7.45,0.00,74.58,upright_replica,true,one row per paid order,2026-09-27,America/Indiana/Indianapolis,USD
UP-20260927-0057,2026-09-27T18:00:00+00:00,DEMO-ITEM-20260927-0057,GW-009,Goodwillfinds,DEMO-UPRIGHT-0057,Vintage ceramic vase,Home,1,76.69,4.99,5.36,7.66,0.00,76.69,upright_replica,true,one row per paid order,2026-09-27,America/Indiana/Indianapolis,USD
UP-20260927-0058,2026-09-27T19:00:00+00:00,DEMO-ITEM-20260927-0058,GW-010,Shopgoodwill,DEMO-UPRIGHT-0058,"Wool cardigan, size S",Apparel,1,78.80,5.99,5.51,7.88,0.00,78.80,upright_replica,true,one row per paid order,2026-09-27,America/Indiana/Indianapolis,USD
UP-20260927-0059,2026-09-27T20:00:00+00:00,DEMO-ITEM-20260927-0059,GW-011,eBay,DEMO-UPRIGHT-0059,Framed landscape print,Art,1,80.91,6.99,5.66,8.09,0.00,80.91,upright_replica,true,one row per paid order,2026-09-27,America/Indiana/Indianapolis,USD
UP-20260927-0060,2026-09-27T21:00:00+00:00,DEMO-ITEM-20260927-0060,GW-012,Goodwillfinds,DEMO-UPRIGHT-0060,Silver-tone necklace,Jewelry,1,83.02,7.99,5.81,8.30,0.00,83.02,upright_replica,true,one row per paid order,2026-09-27,America/Indiana/Indianapolis,USD
UP-20260927-0061,2026-09-27T18:00:00+00:00,DEMO-ITEM-20260927-0061,GW-013,Shopgoodwill,DEMO-UPRIGHT-0061,Vintage ceramic vase,Home,1,85.13,3.99,5.95,8.51,0.00,85.13,upright_replica,true,one row per paid order,2026-09-27,America/Indiana/Indianapolis,USD
UP-20260927-0062,2026-09-27T19:00:00+00:00,DEMO-ITEM-20260927-0062,GW-014,eBay,DEMO-UPRIGHT-0062,"Wool cardigan, size S",Apparel,1,87.24,4.99,6.10,8.72,0.00,87.24,upright_replica,true,one row per paid order,2026-09-27,America/Indiana/Indianapolis,USD
UP-20260927-0063,2026-09-27T20:00:00+00:00,DEMO-ITEM-20260927-0063,GW-015,Goodwillfinds,DEMO-UPRIGHT-0063,Framed landscape print,Art,1,89.35,5.99,6.25,8.93,0.00,89.35,upright_replica,true,one row per paid order,2026-09-27,America/Indiana/Indianapolis,USD
UP-20260927-0064,2026-09-27T21:00:00+00:00,DEMO-ITEM-20260927-0064,GW-016,Shopgoodwill,DEMO-UPRIGHT-0064,Silver-tone necklace,Jewelry,1,91.46,6.99,6.40,9.14,0.00,91.46,upright_replica,true,one row per paid order,2026-09-27,America/Indiana/Indianapolis,USD
UP-20260927-0065,2026-09-27T18:00:00+00:00,DEMO-ITEM-20260927-0065,GW-017,eBay,DEMO-UPRIGHT-0065,Vintage ceramic vase,Home,1,93.57,7.99,6.54,9.35,0.00,93.57,upright_replica,true,one row per paid order,2026-09-27,America/Indiana/Indianapolis,USD
UP-20260927-0066,2026-09-27T19:00:00+00:00,DEMO-ITEM-20260927-0066,GW-018,Goodwillfinds,DEMO-UPRIGHT-0066,"Wool cardigan, size S",Apparel,1,95.68,3.99,6.69,9.56,0.00,95.68,upright_replica,true,one row per paid order,2026-09-27,America/Indiana/Indianapolis,USD
UP-20260927-0067,2026-09-27T20:00:00+00:00,DEMO-ITEM-20260927-0067,GW-019,Shopgoodwill,DEMO-UPRIGHT-0067,Framed landscape print,Art,1,97.79,4.99,6.84,9.77,0.00,97.79,upright_replica,true,one row per paid order,2026-09-27,America/Indiana/Indianapolis,USD
UP-20260927-0068,2026-09-27T21:00:00+00:00,DEMO-ITEM-20260927-0068,GW-020,eBay,DEMO-UPRIGHT-0068,Silver-tone necklace,Jewelry,1,99.90,5.99,6.99,9.99,0.00,99.90,upright_replica,true,one row per paid order,2026-09-27,America/Indiana/Indianapolis,USD
UP-20260927-0069,2026-09-27T18:00:00+00:00,DEMO-ITEM-20260927-0069,GW-021,Goodwillfinds,DEMO-UPRIGHT-0069,Vintage ceramic vase,Home,1,17.01,6.99,1.19,1.70,8.50,8.51,upright_replica,true,one row per paid order,2026-09-27,America/Indiana/Indianapolis,USD
UP-20260927-0070,2026-09-27T19:00:00+00:00,DEMO-ITEM-20260927-0070,GW-022,Shopgoodwill,DEMO-UPRIGHT-0070,"Wool cardigan, size S",Apparel,1,19.12,7.99,1.33,1.91,0.00,19.12,upright_replica,true,one row per paid order,2026-09-27,America/Indiana/Indianapolis,USD
UP-20260927-0071,2026-09-27T20:00:00+00:00,DEMO-ITEM-20260927-0071,GW-023,eBay,DEMO-UPRIGHT-0071,Framed landscape print,Art,1,21.23,3.99,1.48,2.12,0.00,21.23,upright_replica,true,one row per paid order,2026-09-27,America/Indiana/Indianapolis,USD
UP-20260927-0072,2026-09-27T21:00:00+00:00,DEMO-ITEM-20260927-0072,GW-024,Goodwillfinds,DEMO-UPRIGHT-0072,Silver-tone necklace,Jewelry,1,23.34,4.99,1.63,2.33,0.00,23.34,upright_replica,true,one row per paid order,2026-09-27,America/Indiana/Indianapolis,USD
UP-20260927-0073,2026-09-27T18:00:00+00:00,DEMO-ITEM-20260927-0073,GW-001,Shopgoodwill,DEMO-UPRIGHT-0073,Vintage ceramic vase,Home,1,25.45,5.99,1.78,2.54,0.00,25.45,upright_replica,true,one row per paid order,2026-09-27,America/Indiana/Indianapolis,USD
UP-20260927-0074,2026-09-27T19:00:00+00:00,DEMO-ITEM-20260927-0074,GW-002,eBay,DEMO-UPRIGHT-0074,"Wool cardigan, size S",Apparel,1,27.56,6.99,1.92,2.75,0.00,27.56,upright_replica,true,one row per paid order,2026-09-27,America/Indiana/Indianapolis,USD
UP-20260927-0075,2026-09-27T20:00:00+00:00,DEMO-ITEM-20260927-0075,GW-003,Goodwillfinds,DEMO-UPRIGHT-0075,Framed landscape print,Art,1,29.67,7.99,2.07,2.96,0.00,29.67,upright_replica,true,one row per paid order,2026-09-27,America/Indiana/Indianapolis,USD
UP-20260927-0076,2026-09-27T21:00:00+00:00,DEMO-ITEM-20260927-0076,GW-004,Shopgoodwill,DEMO-UPRIGHT-0076,Silver-tone necklace,Jewelry,1,31.78,3.99,2.22,3.17,0.00,31.78,upright_replica,true,one row per paid order,2026-09-27,America/Indiana/Indianapolis,USD
UP-20260927-0077,2026-09-27T18:00:00+00:00,DEMO-ITEM-20260927-0077,GW-005,eBay,DEMO-UPRIGHT-0077,Vintage ceramic vase,Home,1,33.89,4.99,2.37,3.38,0.00,33.89,upright_replica,true,one row per paid order,2026-09-27,America/Indiana/Indianapolis,USD
UP-20260927-0078,2026-09-27T19:00:00+00:00,DEMO-ITEM-20260927-0078,GW-006,Goodwillfinds,DEMO-UPRIGHT-0078,"Wool cardigan, size S",Apparel,1,36.00,5.99,2.52,3.60,0.00,36.00,upright_replica,true,one row per paid order,2026-09-27,America/Indiana/Indianapolis,USD
UP-20260927-0079,2026-09-27T20:00:00+00:00,DEMO-ITEM-20260927-0079,GW-007,Shopgoodwill,DEMO-UPRIGHT-0079,Framed landscape print,Art,1,38.11,6.99,2.66,3.81,0.00,38.11,upright_replica,true,one row per paid order,2026-09-27,America/Indiana/Indianapolis,USD
UP-20260927-0080,2026-09-27T21:00:00+00:00,DEMO-ITEM-20260927-0080,GW-008,eBay,DEMO-UPRIGHT-0080,Silver-tone necklace,Jewelry,1,40.22,7.99,2.81,4.02,0.00,40.22,upright_replica,true,one row per paid order,2026-09-27,America/Indiana/Indianapolis,USD
UP-20260927-0081,2026-09-27T18:00:00+00:00,DEMO-ITEM-20260927-0081,GW-009,Goodwillfinds,DEMO-UPRIGHT-0081,Vintage ceramic vase,Home,1,42.33,3.99,2.96,4.23,0.00,42.33,upright_replica,true,one row per paid order,2026-09-27,America/Indiana/Indianapolis,USD
UP-20260927-0082,2026-09-27T19:00:00+00:00,DEMO-ITEM-20260927-0082,GW-010,Shopgoodwill,DEMO-UPRIGHT-0082,"Wool cardigan, size S",Apparel,1,44.44,4.99,3.11,4.44,0.00,44.44,upright_replica,true,one row per paid order,2026-09-27,America/Indiana/Indianapolis,USD
UP-20260927-0083,2026-09-27T20:00:00+00:00,DEMO-ITEM-20260927-0083,GW-011,eBay,DEMO-UPRIGHT-0083,Framed landscape print,Art,1,46.55,5.99,3.25,4.65,0.00,46.55,upright_replica,true,one row per paid order,2026-09-27,America/Indiana/Indianapolis,USD
UP-20260927-0084,2026-09-27T21:00:00+00:00,DEMO-ITEM-20260927-0084,GW-012,Goodwillfinds,DEMO-UPRIGHT-0084,Silver-tone necklace,Jewelry,1,48.66,6.99,3.40,4.86,0.00,48.66,upright_replica,true,one row per paid order,2026-09-27,America/Indiana/Indianapolis,USD
UP-20260927-0085,2026-09-27T18:00:00+00:00,DEMO-ITEM-20260927-0085,GW-013,Shopgoodwill,DEMO-UPRIGHT-0085,Vintage ceramic vase,Home,1,50.77,7.99,3.55,5.07,0.00,50.77,upright_replica,true,one row per paid order,2026-09-27,America/Indiana/Indianapolis,USD
UP-20260927-0086,2026-09-27T19:00:00+00:00,DEMO-ITEM-20260927-0086,GW-014,eBay,DEMO-UPRIGHT-0086,"Wool cardigan, size S",Apparel,1,52.88,3.99,3.70,5.28,26.44,26.44,upright_replica,true,one row per paid order,2026-09-27,America/Indiana/Indianapolis,USD
UP-20260927-0087,2026-09-27T20:00:00+00:00,DEMO-ITEM-20260927-0087,GW-015,Goodwillfinds,DEMO-UPRIGHT-0087,Framed landscape print,Art,1,54.99,4.99,3.84,5.49,0.00,54.99,upright_replica,true,one row per paid order,2026-09-27,America/Indiana/Indianapolis,USD
UP-20260927-0088,2026-09-27T21:00:00+00:00,DEMO-ITEM-20260927-0088,GW-016,Shopgoodwill,DEMO-UPRIGHT-0088,Silver-tone necklace,Jewelry,1,57.10,5.99,3.99,5.71,0.00,57.10,upright_replica,true,one row per paid order,2026-09-27,America/Indiana/Indianapolis,USD
UP-20260927-0089,2026-09-27T18:00:00+00:00,DEMO-ITEM-20260927-0089,GW-017,eBay,DEMO-UPRIGHT-0089,Vintage ceramic vase,Home,1,59.21,6.99,4.14,5.92,0.00,59.21,upright_replica,true,one row per paid order,2026-09-27,America/Indiana/Indianapolis,USD
UP-20260927-0090,2026-09-27T19:00:00+00:00,DEMO-ITEM-20260927-0090,GW-018,Goodwillfinds,DEMO-UPRIGHT-0001,"Wool cardigan, size S",Apparel,1,61.32,7.99,4.29,6.13,0.00,61.32,upright_replica,true,one row per paid order,2026-09-27,America/Indiana/Indianapolis,USD
UP-20260927-0091,2026-09-27T20:00:00+00:00,DEMO-ITEM-20260927-0091,GW-019,Shopgoodwill,DEMO-UPRIGHT-0002,Framed landscape print,Art,1,63.43,3.99,4.44,6.34,0.00,63.43,upright_replica,true,one row per paid order,2026-09-27,America/Indiana/Indianapolis,USD
UP-20260927-0092,2026-09-27T21:00:00+00:00,DEMO-ITEM-20260927-0092,GW-020,eBay,DEMO-UPRIGHT-0003,Silver-tone necklace,Jewelry,1,65.54,4.99,4.58,6.55,0.00,65.54,upright_replica,true,one row per paid order,2026-09-27,America/Indiana/Indianapolis,USD
UP-20260927-0093,2026-09-27T18:00:00+00:00,DEMO-ITEM-20260927-0093,GW-021,Goodwillfinds,DEMO-UPRIGHT-0004,Vintage ceramic vase,Home,1,67.65,5.99,4.73,6.76,0.00,67.65,upright_replica,true,one row per paid order,2026-09-27,America/Indiana/Indianapolis,USD
UP-20260927-0094,2026-09-27T19:00:00+00:00,DEMO-ITEM-20260927-0094,GW-022,Shopgoodwill,DEMO-UPRIGHT-0005,"Wool cardigan, size S",Apparel,1,69.76,6.99,4.88,6.97,0.00,69.76,upright_replica,true,one row per paid order,2026-09-27,America/Indiana/Indianapolis,USD
UP-20260927-0095,2026-09-27T20:00:00+00:00,DEMO-ITEM-20260927-0095,GW-023,eBay,DEMO-UPRIGHT-0006,Framed landscape print,Art,1,71.87,7.99,5.03,7.18,0.00,71.87,upright_replica,true,one row per paid order,2026-09-27,America/Indiana/Indianapolis,USD
UP-20260927-0096,2026-09-27T21:00:00+00:00,DEMO-ITEM-20260927-0096,GW-024,Goodwillfinds,DEMO-UPRIGHT-0007,Silver-tone necklace,Jewelry,1,73.98,3.99,5.17,7.39,0.00,73.98,upright_replica,true,one row per paid order,2026-09-27,America/Indiana/Indianapolis,USD
UP-20260927-0097,2026-09-27T18:00:00+00:00,DEMO-ITEM-20260927-0097,GW-001,Shopgoodwill,DEMO-UPRIGHT-0008,Vintage ceramic vase,Home,1,76.09,4.99,5.32,7.60,0.00,76.09,upright_replica,true,one row per paid order,2026-09-27,America/Indiana/Indianapolis,USD
UP-20260927-0098,2026-09-27T19:00:00+00:00,DEMO-ITEM-20260927-0098,GW-002,eBay,DEMO-UPRIGHT-0009,"Wool cardigan, size S",Apparel,1,78.20,5.99,5.47,7.82,0.00,78.20,upright_replica,true,one row per paid order,2026-09-27,America/Indiana/Indianapolis,USD
UP-20260927-0099,2026-09-27T20:00:00+00:00,DEMO-ITEM-20260927-0099,GW-003,Goodwillfinds,DEMO-UPRIGHT-0010,Framed landscape print,Art,1,80.31,6.99,5.62,8.03,0.00,80.31,upright_replica,true,one row per paid order,2026-09-27,America/Indiana/Indianapolis,USD
UP-20260927-0100,2026-09-27T21:00:00+00:00,DEMO-ITEM-20260927-0100,GW-004,Shopgoodwill,DEMO-UPRIGHT-0011,Silver-tone necklace,Jewelry,1,82.42,7.99,5.76,8.24,0.00,82.42,upright_replica,true,one row per paid order,2026-09-27,America/Indiana/Indianapolis,USD
UP-20260927-0101,2026-09-27T18:00:00+00:00,DEMO-ITEM-20260927-0101,GW-005,eBay,DEMO-UPRIGHT-0012,Vintage ceramic vase,Home,1,84.53,3.99,5.91,8.45,0.00,84.53,upright_replica,true,one row per paid order,2026-09-27,America/Indiana/Indianapolis,USD
UP-20260927-0102,2026-09-27T19:00:00+00:00,DEMO-ITEM-20260927-0102,GW-006,Goodwillfinds,DEMO-UPRIGHT-0013,"Wool cardigan, size S",Apparel,1,86.64,4.99,6.06,8.66,0.00,86.64,upright_replica,true,one row per paid order,2026-09-27,America/Indiana/Indianapolis,USD
UP-20260927-0103,2026-09-27T20:00:00+00:00,DEMO-ITEM-20260927-0103,GW-007,Shopgoodwill,DEMO-UPRIGHT-0014,Framed landscape print,Art,1,88.75,5.99,6.21,8.87,44.37,44.38,upright_replica,true,one row per paid order,2026-09-27,America/Indiana/Indianapolis,USD
UP-20260927-0104,2026-09-27T21:00:00+00:00,DEMO-ITEM-20260927-0104,GW-008,eBay,DEMO-UPRIGHT-0015,Silver-tone necklace,Jewelry,1,90.86,6.99,6.36,9.08,0.00,90.86,upright_replica,true,one row per paid order,2026-09-27,America/Indiana/Indianapolis,USD
UP-20260927-0105,2026-09-27T18:00:00+00:00,DEMO-ITEM-20260927-0105,GW-009,Goodwillfinds,DEMO-UPRIGHT-0016,Vintage ceramic vase,Home,1,92.97,7.99,6.50,9.29,0.00,92.97,upright_replica,true,one row per paid order,2026-09-27,America/Indiana/Indianapolis,USD
UP-20260927-0106,2026-09-27T19:00:00+00:00,DEMO-ITEM-20260927-0106,GW-010,Shopgoodwill,DEMO-UPRIGHT-0017,"Wool cardigan, size S",Apparel,1,95.08,3.99,6.65,9.50,0.00,95.08,upright_replica,true,one row per paid order,2026-09-27,America/Indiana/Indianapolis,USD
UP-20260927-0107,2026-09-27T20:00:00+00:00,DEMO-ITEM-20260927-0107,GW-011,eBay,DEMO-UPRIGHT-0018,Framed landscape print,Art,1,97.19,4.99,6.80,9.71,0.00,97.19,upright_replica,true,one row per paid order,2026-09-27,America/Indiana/Indianapolis,USD
UP-20260927-0108,2026-09-27T21:00:00+00:00,DEMO-ITEM-20260927-0108,GW-012,Goodwillfinds,DEMO-UPRIGHT-0019,Silver-tone necklace,Jewelry,1,99.30,5.99,6.95,9.93,0.00,99.30,upright_replica,true,one row per paid order,2026-09-27,America/Indiana/Indianapolis,USD
UP-20260927-0109,2026-09-27T18:00:00+00:00,DEMO-ITEM-20260927-0109,GW-013,Shopgoodwill,DEMO-UPRIGHT-0020,Vintage ceramic vase,Home,1,16.41,6.99,1.14,1.64,0.00,16.41,upright_replica,true,one row per paid order,2026-09-27,America/Indiana/Indianapolis,USD
UP-20260927-0110,2026-09-27T19:00:00+00:00,DEMO-ITEM-20260927-0110,GW-014,eBay,DEMO-UPRIGHT-0021,"Wool cardigan, size S",Apparel,1,18.52,7.99,1.29,1.85,0.00,18.52,upright_replica,true,one row per paid order,2026-09-27,America/Indiana/Indianapolis,USD
UP-20260927-0111,2026-09-27T20:00:00+00:00,DEMO-ITEM-20260927-0111,GW-015,Goodwillfinds,DEMO-UPRIGHT-0022,Framed landscape print,Art,1,20.63,3.99,1.44,2.06,0.00,20.63,upright_replica,true,one row per paid order,2026-09-27,America/Indiana/Indianapolis,USD
UP-20260927-0112,2026-09-27T21:00:00+00:00,DEMO-ITEM-20260927-0112,GW-016,Shopgoodwill,DEMO-UPRIGHT-0023,Silver-tone necklace,Jewelry,1,22.74,4.99,1.59,2.27,0.00,22.74,upright_replica,true,one row per paid order,2026-09-27,America/Indiana/Indianapolis,USD
UP-20260927-0113,2026-09-27T18:00:00+00:00,DEMO-ITEM-20260927-0113,GW-017,eBay,DEMO-UPRIGHT-0024,Vintage ceramic vase,Home,1,24.85,5.99,1.73,2.48,0.00,24.85,upright_replica,true,one row per paid order,2026-09-27,America/Indiana/Indianapolis,USD
UP-20260927-0114,2026-09-27T19:00:00+00:00,DEMO-ITEM-20260927-0114,GW-018,Goodwillfinds,DEMO-UPRIGHT-0025,"Wool cardigan, size S",Apparel,1,26.96,6.99,1.88,2.69,0.00,26.96,upright_replica,true,one row per paid order,2026-09-27,America/Indiana/Indianapolis,USD
UP-20260927-0115,2026-09-27T20:00:00+00:00,DEMO-ITEM-20260927-0115,GW-019,Shopgoodwill,DEMO-UPRIGHT-0026,Framed landscape print,Art,1,29.07,7.99,2.03,2.90,0.00,29.07,upright_replica,true,one row per paid order,2026-09-27,America/Indiana/Indianapolis,USD
UP-20260927-0116,2026-09-27T21:00:00+00:00,DEMO-ITEM-20260927-0116,GW-020,eBay,DEMO-UPRIGHT-0027,Silver-tone necklace,Jewelry,1,31.18,3.99,2.18,3.11,0.00,31.18,upright_replica,true,one row per paid order,2026-09-27,America/Indiana/Indianapolis,USD
UP-20260927-0117,2026-09-27T18:00:00+00:00,DEMO-ITEM-20260927-0117,GW-021,Goodwillfinds,DEMO-UPRIGHT-0028,Vintage ceramic vase,Home,1,33.29,4.99,2.33,3.32,0.00,33.29,upright_replica,true,one row per paid order,2026-09-27,America/Indiana/Indianapolis,USD
UP-20260927-0118,2026-09-27T19:00:00+00:00,DEMO-ITEM-20260927-0118,GW-022,Shopgoodwill,DEMO-UPRIGHT-0029,"Wool cardigan, size S",Apparel,1,35.40,5.99,2.47,3.54,0.00,35.40,upright_replica,true,one row per paid order,2026-09-27,America/Indiana/Indianapolis,USD
UP-20260927-0119,2026-09-27T20:00:00+00:00,DEMO-ITEM-20260927-0119,GW-023,eBay,DEMO-UPRIGHT-0030,Framed landscape print,Art,1,37.51,6.99,2.62,3.75,0.00,37.51,upright_replica,true,one row per paid order,2026-09-27,America/Indiana/Indianapolis,USD
UP-20260927-0120,2026-09-27T21:00:00+00:00,DEMO-ITEM-20260927-0120,GW-024,Goodwillfinds,DEMO-UPRIGHT-0031,Silver-tone necklace,Jewelry,1,39.62,7.99,2.77,3.96,19.81,19.81,upright_replica,true,one row per paid order,2026-09-27,America/Indiana/Indianapolis,USD
UP-20260927-0121,2026-09-27T18:00:00+00:00,DEMO-ITEM-20260927-0121,GW-001,Shopgoodwill,DEMO-UPRIGHT-0032,Vintage ceramic vase,Home,1,41.73,3.99,2.92,4.17,0.00,41.73,upright_replica,true,one row per paid order,2026-09-27,America/Indiana/Indianapolis,USD
UP-20260927-0122,2026-09-27T19:00:00+00:00,DEMO-ITEM-20260927-0122,GW-002,eBay,DEMO-UPRIGHT-0033,"Wool cardigan, size S",Apparel,1,43.84,4.99,3.06,4.38,0.00,43.84,upright_replica,true,one row per paid order,2026-09-27,America/Indiana/Indianapolis,USD
UP-20260927-0123,2026-09-27T20:00:00+00:00,DEMO-ITEM-20260927-0123,GW-003,Goodwillfinds,DEMO-UPRIGHT-0034,Framed landscape print,Art,1,45.95,5.99,3.21,4.59,0.00,45.95,upright_replica,true,one row per paid order,2026-09-27,America/Indiana/Indianapolis,USD
UP-20260927-0124,2026-09-27T21:00:00+00:00,DEMO-ITEM-20260927-0124,GW-004,Shopgoodwill,DEMO-UPRIGHT-0035,Silver-tone necklace,Jewelry,1,48.06,6.99,3.36,4.80,0.00,48.06,upright_replica,true,one row per paid order,2026-09-27,America/Indiana/Indianapolis,USD
UP-20260927-0125,2026-09-27T18:00:00+00:00,DEMO-ITEM-20260927-0125,GW-005,eBay,DEMO-UPRIGHT-0036,Vintage ceramic vase,Home,1,50.17,7.99,3.51,5.01,0.00,50.17,upright_replica,true,one row per paid order,2026-09-27,America/Indiana/Indianapolis,USD
UP-20260927-0126,2026-09-27T19:00:00+00:00,DEMO-ITEM-20260927-0126,GW-006,Goodwillfinds,DEMO-UPRIGHT-0037,"Wool cardigan, size S",Apparel,1,52.28,3.99,3.65,5.22,0.00,52.28,upright_replica,true,one row per paid order,2026-09-27,America/Indiana/Indianapolis,USD
UP-20260927-0127,2026-09-27T20:00:00+00:00,DEMO-ITEM-20260927-0127,GW-007,Shopgoodwill,DEMO-UPRIGHT-0038,Framed landscape print,Art,1,54.39,4.99,3.80,5.43,0.00,54.39,upright_replica,true,one row per paid order,2026-09-27,America/Indiana/Indianapolis,USD
UP-20260927-0128,2026-09-27T21:00:00+00:00,DEMO-ITEM-20260927-0128,GW-008,eBay,DEMO-UPRIGHT-0039,Silver-tone necklace,Jewelry,1,56.50,5.99,3.95,5.65,0.00,56.50,upright_replica,true,one row per paid order,2026-09-27,America/Indiana/Indianapolis,USD
UP-20260928-0001,2026-09-28T18:00:00+00:00,DEMO-ITEM-20260928-0001,GW-001,Shopgoodwill,DEMO-UPRIGHT-0001,Vintage ceramic vase,Home,1,44.90,3.99,3.14,4.49,22.45,22.45,upright_replica,true,one row per paid order,2026-09-28,America/Indiana/Indianapolis,USD
UP-20260928-0002,2026-09-28T19:00:00+00:00,DEMO-ITEM-20260928-0002,GW-002,eBay,DEMO-UPRIGHT-0002,"Wool cardigan, size S",Apparel,1,47.01,4.99,3.29,4.70,0.00,47.01,upright_replica,true,one row per paid order,2026-09-28,America/Indiana/Indianapolis,USD
UP-20260928-0003,2026-09-28T20:00:00+00:00,DEMO-ITEM-20260928-0003,GW-003,Goodwillfinds,DEMO-UPRIGHT-0003,Framed landscape print,Art,1,49.12,5.99,3.43,4.91,0.00,49.12,upright_replica,true,one row per paid order,2026-09-28,America/Indiana/Indianapolis,USD
UP-20260928-0004,2026-09-28T21:00:00+00:00,DEMO-ITEM-20260928-0004,GW-004,Shopgoodwill,DEMO-UPRIGHT-0004,Silver-tone necklace,Jewelry,1,51.23,6.99,3.58,5.12,0.00,51.23,upright_replica,true,one row per paid order,2026-09-28,America/Indiana/Indianapolis,USD
UP-20260928-0005,2026-09-28T18:00:00+00:00,DEMO-ITEM-20260928-0005,GW-005,eBay,DEMO-UPRIGHT-0005,Vintage ceramic vase,Home,1,53.34,7.99,3.73,5.33,0.00,53.34,upright_replica,true,one row per paid order,2026-09-28,America/Indiana/Indianapolis,USD
UP-20260928-0006,2026-09-28T19:00:00+00:00,DEMO-ITEM-20260928-0006,GW-006,Goodwillfinds,DEMO-UPRIGHT-0006,"Wool cardigan, size S",Apparel,1,55.45,3.99,3.88,5.54,0.00,55.45,upright_replica,true,one row per paid order,2026-09-28,America/Indiana/Indianapolis,USD
UP-20260928-0007,2026-09-28T20:00:00+00:00,DEMO-ITEM-20260928-0007,GW-007,Shopgoodwill,DEMO-UPRIGHT-0007,Framed landscape print,Art,1,57.56,4.99,4.02,5.75,0.00,57.56,upright_replica,true,one row per paid order,2026-09-28,America/Indiana/Indianapolis,USD
UP-20260928-0008,2026-09-28T21:00:00+00:00,DEMO-ITEM-20260928-0008,GW-008,eBay,DEMO-UPRIGHT-0008,Silver-tone necklace,Jewelry,1,59.67,5.99,4.17,5.96,0.00,59.67,upright_replica,true,one row per paid order,2026-09-28,America/Indiana/Indianapolis,USD
UP-20260928-0009,2026-09-28T18:00:00+00:00,DEMO-ITEM-20260928-0009,GW-009,Goodwillfinds,DEMO-UPRIGHT-0009,Vintage ceramic vase,Home,1,61.78,6.99,4.32,6.17,0.00,61.78,upright_replica,true,one row per paid order,2026-09-28,America/Indiana/Indianapolis,USD
UP-20260928-0010,2026-09-28T19:00:00+00:00,DEMO-ITEM-20260928-0010,GW-010,Shopgoodwill,DEMO-UPRIGHT-0010,"Wool cardigan, size S",Apparel,1,63.89,7.99,4.47,6.38,0.00,63.89,upright_replica,true,one row per paid order,2026-09-28,America/Indiana/Indianapolis,USD
UP-20260928-0011,2026-09-28T20:00:00+00:00,DEMO-ITEM-20260928-0011,GW-011,eBay,DEMO-UPRIGHT-0011,Framed landscape print,Art,1,66.00,3.99,4.62,6.60,0.00,66.00,upright_replica,true,one row per paid order,2026-09-28,America/Indiana/Indianapolis,USD
UP-20260928-0012,2026-09-28T21:00:00+00:00,DEMO-ITEM-20260928-0012,GW-012,Goodwillfinds,DEMO-UPRIGHT-0012,Silver-tone necklace,Jewelry,1,68.11,4.99,4.76,6.81,0.00,68.11,upright_replica,true,one row per paid order,2026-09-28,America/Indiana/Indianapolis,USD
UP-20260928-0013,2026-09-28T18:00:00+00:00,DEMO-ITEM-20260928-0013,GW-013,Shopgoodwill,DEMO-UPRIGHT-0013,Vintage ceramic vase,Home,1,70.22,5.99,4.91,7.02,0.00,70.22,upright_replica,true,one row per paid order,2026-09-28,America/Indiana/Indianapolis,USD
UP-20260928-0014,2026-09-28T19:00:00+00:00,DEMO-ITEM-20260928-0014,GW-014,eBay,DEMO-UPRIGHT-0014,"Wool cardigan, size S",Apparel,1,72.33,6.99,5.06,7.23,0.00,72.33,upright_replica,true,one row per paid order,2026-09-28,America/Indiana/Indianapolis,USD
UP-20260928-0015,2026-09-28T20:00:00+00:00,DEMO-ITEM-20260928-0015,GW-015,Goodwillfinds,DEMO-UPRIGHT-0015,Framed landscape print,Art,1,74.44,7.99,5.21,7.44,0.00,74.44,upright_replica,true,one row per paid order,2026-09-28,America/Indiana/Indianapolis,USD
UP-20260928-0016,2026-09-28T21:00:00+00:00,DEMO-ITEM-20260928-0016,GW-016,Shopgoodwill,DEMO-UPRIGHT-0016,Silver-tone necklace,Jewelry,1,76.55,3.99,5.35,7.65,0.00,76.55,upright_replica,true,one row per paid order,2026-09-28,America/Indiana/Indianapolis,USD
UP-20260928-0017,2026-09-28T18:00:00+00:00,DEMO-ITEM-20260928-0017,GW-017,eBay,DEMO-UPRIGHT-0017,Vintage ceramic vase,Home,1,78.66,4.99,5.50,7.86,0.00,78.66,upright_replica,true,one row per paid order,2026-09-28,America/Indiana/Indianapolis,USD
UP-20260928-0018,2026-09-28T19:00:00+00:00,DEMO-ITEM-20260928-0018,GW-018,Goodwillfinds,DEMO-UPRIGHT-0018,"Wool cardigan, size S",Apparel,1,80.77,5.99,5.65,8.07,40.38,40.39,upright_replica,true,one row per paid order,2026-09-28,America/Indiana/Indianapolis,USD
UP-20260928-0019,2026-09-28T20:00:00+00:00,DEMO-ITEM-20260928-0019,GW-019,Shopgoodwill,DEMO-UPRIGHT-0019,Framed landscape print,Art,1,82.88,6.99,5.80,8.28,0.00,82.88,upright_replica,true,one row per paid order,2026-09-28,America/Indiana/Indianapolis,USD
UP-20260928-0020,2026-09-28T21:00:00+00:00,DEMO-ITEM-20260928-0020,GW-020,eBay,DEMO-UPRIGHT-0020,Silver-tone necklace,Jewelry,1,84.99,7.99,5.94,8.49,0.00,84.99,upright_replica,true,one row per paid order,2026-09-28,America/Indiana/Indianapolis,USD
UP-20260928-0021,2026-09-28T18:00:00+00:00,DEMO-ITEM-20260928-0021,GW-021,Goodwillfinds,DEMO-UPRIGHT-0021,Vintage ceramic vase,Home,1,87.10,3.99,6.09,8.71,0.00,87.10,upright_replica,true,one row per paid order,2026-09-28,America/Indiana/Indianapolis,USD
UP-20260928-0022,2026-09-28T19:00:00+00:00,DEMO-ITEM-20260928-0022,GW-022,Shopgoodwill,DEMO-UPRIGHT-0022,"Wool cardigan, size S",Apparel,1,89.21,4.99,6.24,8.92,0.00,89.21,upright_replica,true,one row per paid order,2026-09-28,America/Indiana/Indianapolis,USD
UP-20260928-0023,2026-09-28T20:00:00+00:00,DEMO-ITEM-20260928-0023,GW-023,eBay,DEMO-UPRIGHT-0023,Framed landscape print,Art,1,91.32,5.99,6.39,9.13,0.00,91.32,upright_replica,true,one row per paid order,2026-09-28,America/Indiana/Indianapolis,USD
UP-20260928-0024,2026-09-28T21:00:00+00:00,DEMO-ITEM-20260928-0024,GW-024,Goodwillfinds,DEMO-UPRIGHT-0024,Silver-tone necklace,Jewelry,1,93.43,6.99,6.54,9.34,0.00,93.43,upright_replica,true,one row per paid order,2026-09-28,America/Indiana/Indianapolis,USD
UP-20260928-0025,2026-09-28T18:00:00+00:00,DEMO-ITEM-20260928-0025,GW-001,Shopgoodwill,DEMO-UPRIGHT-0025,Vintage ceramic vase,Home,1,95.54,7.99,6.68,9.55,0.00,95.54,upright_replica,true,one row per paid order,2026-09-28,America/Indiana/Indianapolis,USD
UP-20260928-0026,2026-09-28T19:00:00+00:00,DEMO-ITEM-20260928-0026,GW-002,eBay,DEMO-UPRIGHT-0026,"Wool cardigan, size S",Apparel,1,97.65,3.99,6.83,9.76,0.00,97.65,upright_replica,true,one row per paid order,2026-09-28,America/Indiana/Indianapolis,USD
UP-20260928-0027,2026-09-28T20:00:00+00:00,DEMO-ITEM-20260928-0027,GW-003,Goodwillfinds,DEMO-UPRIGHT-0027,Framed landscape print,Art,1,99.76,4.99,6.98,9.97,0.00,99.76,upright_replica,true,one row per paid order,2026-09-28,America/Indiana/Indianapolis,USD
UP-20260928-0028,2026-09-28T21:00:00+00:00,DEMO-ITEM-20260928-0028,GW-004,Shopgoodwill,DEMO-UPRIGHT-0028,Silver-tone necklace,Jewelry,1,16.87,5.99,1.18,1.68,0.00,16.87,upright_replica,true,one row per paid order,2026-09-28,America/Indiana/Indianapolis,USD
UP-20260928-0029,2026-09-28T18:00:00+00:00,DEMO-ITEM-20260928-0029,GW-005,eBay,DEMO-UPRIGHT-0029,Vintage ceramic vase,Home,1,18.98,6.99,1.32,1.89,0.00,18.98,upright_replica,true,one row per paid order,2026-09-28,America/Indiana/Indianapolis,USD
UP-20260928-0030,2026-09-28T19:00:00+00:00,DEMO-ITEM-20260928-0030,GW-006,Goodwillfinds,DEMO-UPRIGHT-0030,"Wool cardigan, size S",Apparel,1,21.09,7.99,1.47,2.10,0.00,21.09,upright_replica,true,one row per paid order,2026-09-28,America/Indiana/Indianapolis,USD
UP-20260928-0031,2026-09-28T20:00:00+00:00,DEMO-ITEM-20260928-0031,GW-007,Shopgoodwill,DEMO-UPRIGHT-0031,Framed landscape print,Art,1,23.20,3.99,1.62,2.32,0.00,23.20,upright_replica,true,one row per paid order,2026-09-28,America/Indiana/Indianapolis,USD
UP-20260928-0032,2026-09-28T21:00:00+00:00,DEMO-ITEM-20260928-0032,GW-008,eBay,DEMO-UPRIGHT-0032,Silver-tone necklace,Jewelry,1,25.31,4.99,1.77,2.53,0.00,25.31,upright_replica,true,one row per paid order,2026-09-28,America/Indiana/Indianapolis,USD
UP-20260928-0033,2026-09-28T18:00:00+00:00,DEMO-ITEM-20260928-0033,GW-009,Goodwillfinds,DEMO-UPRIGHT-0033,Vintage ceramic vase,Home,1,27.42,5.99,1.91,2.74,0.00,27.42,upright_replica,true,one row per paid order,2026-09-28,America/Indiana/Indianapolis,USD
UP-20260928-0034,2026-09-28T19:00:00+00:00,DEMO-ITEM-20260928-0034,GW-010,Shopgoodwill,DEMO-UPRIGHT-0034,"Wool cardigan, size S",Apparel,1,29.53,6.99,2.06,2.95,0.00,29.53,upright_replica,true,one row per paid order,2026-09-28,America/Indiana/Indianapolis,USD
UP-20260928-0035,2026-09-28T20:00:00+00:00,DEMO-ITEM-20260928-0035,GW-011,eBay,DEMO-UPRIGHT-0035,Framed landscape print,Art,1,31.64,7.99,2.21,3.16,15.82,15.82,upright_replica,true,one row per paid order,2026-09-28,America/Indiana/Indianapolis,USD
UP-20260928-0036,2026-09-28T21:00:00+00:00,DEMO-ITEM-20260928-0036,GW-012,Goodwillfinds,DEMO-UPRIGHT-0036,Silver-tone necklace,Jewelry,1,33.75,3.99,2.36,3.37,0.00,33.75,upright_replica,true,one row per paid order,2026-09-28,America/Indiana/Indianapolis,USD
UP-20260928-0037,2026-09-28T18:00:00+00:00,DEMO-ITEM-20260928-0037,GW-013,Shopgoodwill,DEMO-UPRIGHT-0037,Vintage ceramic vase,Home,1,35.86,4.99,2.51,3.58,0.00,35.86,upright_replica,true,one row per paid order,2026-09-28,America/Indiana/Indianapolis,USD
UP-20260928-0038,2026-09-28T19:00:00+00:00,DEMO-ITEM-20260928-0038,GW-014,eBay,DEMO-UPRIGHT-0038,"Wool cardigan, size S",Apparel,1,37.97,5.99,2.65,3.79,0.00,37.97,upright_replica,true,one row per paid order,2026-09-28,America/Indiana/Indianapolis,USD
UP-20260928-0039,2026-09-28T20:00:00+00:00,DEMO-ITEM-20260928-0039,GW-015,Goodwillfinds,DEMO-UPRIGHT-0039,Framed landscape print,Art,1,40.08,6.99,2.80,4.00,0.00,40.08,upright_replica,true,one row per paid order,2026-09-28,America/Indiana/Indianapolis,USD
UP-20260928-0040,2026-09-28T21:00:00+00:00,DEMO-ITEM-20260928-0040,GW-016,Shopgoodwill,DEMO-UPRIGHT-0040,Silver-tone necklace,Jewelry,1,42.19,7.99,2.95,4.21,0.00,42.19,upright_replica,true,one row per paid order,2026-09-28,America/Indiana/Indianapolis,USD
UP-20260928-0041,2026-09-28T18:00:00+00:00,DEMO-ITEM-20260928-0041,GW-017,eBay,DEMO-UPRIGHT-0041,Vintage ceramic vase,Home,1,44.30,3.99,3.10,4.43,0.00,44.30,upright_replica,true,one row per paid order,2026-09-28,America/Indiana/Indianapolis,USD
UP-20260928-0042,2026-09-28T19:00:00+00:00,DEMO-ITEM-20260928-0042,GW-018,Goodwillfinds,DEMO-UPRIGHT-0042,"Wool cardigan, size S",Apparel,1,46.41,4.99,3.24,4.64,0.00,46.41,upright_replica,true,one row per paid order,2026-09-28,America/Indiana/Indianapolis,USD
UP-20260928-0043,2026-09-28T20:00:00+00:00,DEMO-ITEM-20260928-0043,GW-019,Shopgoodwill,DEMO-UPRIGHT-0043,Framed landscape print,Art,1,48.52,5.99,3.39,4.85,0.00,48.52,upright_replica,true,one row per paid order,2026-09-28,America/Indiana/Indianapolis,USD
UP-20260928-0044,2026-09-28T21:00:00+00:00,DEMO-ITEM-20260928-0044,GW-020,eBay,DEMO-UPRIGHT-0044,Silver-tone necklace,Jewelry,1,50.63,6.99,3.54,5.06,0.00,50.63,upright_replica,true,one row per paid order,2026-09-28,America/Indiana/Indianapolis,USD
UP-20260928-0045,2026-09-28T18:00:00+00:00,DEMO-ITEM-20260928-0045,GW-021,Goodwillfinds,DEMO-UPRIGHT-0045,Vintage ceramic vase,Home,1,52.74,7.99,3.69,5.27,0.00,52.74,upright_replica,true,one row per paid order,2026-09-28,America/Indiana/Indianapolis,USD
UP-20260928-0046,2026-09-28T19:00:00+00:00,DEMO-ITEM-20260928-0046,GW-022,Shopgoodwill,DEMO-UPRIGHT-0046,"Wool cardigan, size S",Apparel,1,54.85,3.99,3.83,5.48,0.00,54.85,upright_replica,true,one row per paid order,2026-09-28,America/Indiana/Indianapolis,USD
UP-20260928-0047,2026-09-28T20:00:00+00:00,DEMO-ITEM-20260928-0047,GW-023,eBay,DEMO-UPRIGHT-0047,Framed landscape print,Art,1,56.96,4.99,3.98,5.69,0.00,56.96,upright_replica,true,one row per paid order,2026-09-28,America/Indiana/Indianapolis,USD
UP-20260928-0048,2026-09-28T21:00:00+00:00,DEMO-ITEM-20260928-0048,GW-024,Goodwillfinds,DEMO-UPRIGHT-0048,Silver-tone necklace,Jewelry,1,59.07,5.99,4.13,5.90,0.00,59.07,upright_replica,true,one row per paid order,2026-09-28,America/Indiana/Indianapolis,USD
UP-20260928-0049,2026-09-28T18:00:00+00:00,DEMO-ITEM-20260928-0049,GW-001,Shopgoodwill,DEMO-UPRIGHT-0049,Vintage ceramic vase,Home,1,61.18,6.99,4.28,6.11,0.00,61.18,upright_replica,true,one row per paid order,2026-09-28,America/Indiana/Indianapolis,USD
UP-20260928-0050,2026-09-28T19:00:00+00:00,DEMO-ITEM-20260928-0050,GW-002,eBay,DEMO-UPRIGHT-0050,"Wool cardigan, size S",Apparel,1,63.29,7.99,4.43,6.32,0.00,63.29,upright_replica,true,one row per paid order,2026-09-28,America/Indiana/Indianapolis,USD
UP-20260928-0051,2026-09-28T20:00:00+00:00,DEMO-ITEM-20260928-0051,GW-003,Goodwillfinds,DEMO-UPRIGHT-0051,Framed landscape print,Art,1,65.40,3.99,4.57,6.54,0.00,65.40,upright_replica,true,one row per paid order,2026-09-28,America/Indiana/Indianapolis,USD
UP-20260928-0052,2026-09-28T21:00:00+00:00,DEMO-ITEM-20260928-0052,GW-004,Shopgoodwill,DEMO-UPRIGHT-0052,Silver-tone necklace,Jewelry,1,67.51,4.99,4.72,6.75,33.75,33.76,upright_replica,true,one row per paid order,2026-09-28,America/Indiana/Indianapolis,USD
UP-20260928-0053,2026-09-28T18:00:00+00:00,DEMO-ITEM-20260928-0053,GW-005,eBay,DEMO-UPRIGHT-0053,Vintage ceramic vase,Home,1,69.62,5.99,4.87,6.96,0.00,69.62,upright_replica,true,one row per paid order,2026-09-28,America/Indiana/Indianapolis,USD
UP-20260928-0054,2026-09-28T19:00:00+00:00,DEMO-ITEM-20260928-0054,GW-006,Goodwillfinds,DEMO-UPRIGHT-0054,"Wool cardigan, size S",Apparel,1,71.73,6.99,5.02,7.17,0.00,71.73,upright_replica,true,one row per paid order,2026-09-28,America/Indiana/Indianapolis,USD
UP-20260928-0055,2026-09-28T20:00:00+00:00,DEMO-ITEM-20260928-0055,GW-007,Shopgoodwill,DEMO-UPRIGHT-0055,Framed landscape print,Art,1,73.84,7.99,5.16,7.38,0.00,73.84,upright_replica,true,one row per paid order,2026-09-28,America/Indiana/Indianapolis,USD
UP-20260928-0056,2026-09-28T21:00:00+00:00,DEMO-ITEM-20260928-0056,GW-008,eBay,DEMO-UPRIGHT-0056,Silver-tone necklace,Jewelry,1,75.95,3.99,5.31,7.59,0.00,75.95,upright_replica,true,one row per paid order,2026-09-28,America/Indiana/Indianapolis,USD
UP-20260928-0057,2026-09-28T18:00:00+00:00,DEMO-ITEM-20260928-0057,GW-009,Goodwillfinds,DEMO-UPRIGHT-0057,Vintage ceramic vase,Home,1,78.06,4.99,5.46,7.80,0.00,78.06,upright_replica,true,one row per paid order,2026-09-28,America/Indiana/Indianapolis,USD
UP-20260928-0058,2026-09-28T19:00:00+00:00,DEMO-ITEM-20260928-0058,GW-010,Shopgoodwill,DEMO-UPRIGHT-0058,"Wool cardigan, size S",Apparel,1,80.17,5.99,5.61,8.01,0.00,80.17,upright_replica,true,one row per paid order,2026-09-28,America/Indiana/Indianapolis,USD
UP-20260928-0059,2026-09-28T20:00:00+00:00,DEMO-ITEM-20260928-0059,GW-011,eBay,DEMO-UPRIGHT-0059,Framed landscape print,Art,1,82.28,6.99,5.75,8.22,0.00,82.28,upright_replica,true,one row per paid order,2026-09-28,America/Indiana/Indianapolis,USD
UP-20260928-0060,2026-09-28T21:00:00+00:00,DEMO-ITEM-20260928-0060,GW-012,Goodwillfinds,DEMO-UPRIGHT-0060,Silver-tone necklace,Jewelry,1,84.39,7.99,5.90,8.43,0.00,84.39,upright_replica,true,one row per paid order,2026-09-28,America/Indiana/Indianapolis,USD
UP-20260928-0061,2026-09-28T18:00:00+00:00,DEMO-ITEM-20260928-0061,GW-013,Shopgoodwill,DEMO-UPRIGHT-0061,Vintage ceramic vase,Home,1,86.50,3.99,6.05,8.65,0.00,86.50,upright_replica,true,one row per paid order,2026-09-28,America/Indiana/Indianapolis,USD
UP-20260928-0062,2026-09-28T19:00:00+00:00,DEMO-ITEM-20260928-0062,GW-014,eBay,DEMO-UPRIGHT-0062,"Wool cardigan, size S",Apparel,1,88.61,4.99,6.20,8.86,0.00,88.61,upright_replica,true,one row per paid order,2026-09-28,America/Indiana/Indianapolis,USD
UP-20260928-0063,2026-09-28T20:00:00+00:00,DEMO-ITEM-20260928-0063,GW-015,Goodwillfinds,DEMO-UPRIGHT-0063,Framed landscape print,Art,1,90.72,5.99,6.35,9.07,0.00,90.72,upright_replica,true,one row per paid order,2026-09-28,America/Indiana/Indianapolis,USD
UP-20260928-0064,2026-09-28T21:00:00+00:00,DEMO-ITEM-20260928-0064,GW-016,Shopgoodwill,DEMO-UPRIGHT-0064,Silver-tone necklace,Jewelry,1,92.83,6.99,6.49,9.28,0.00,92.83,upright_replica,true,one row per paid order,2026-09-28,America/Indiana/Indianapolis,USD
UP-20260928-0065,2026-09-28T18:00:00+00:00,DEMO-ITEM-20260928-0065,GW-017,eBay,DEMO-UPRIGHT-0065,Vintage ceramic vase,Home,1,94.94,7.99,6.64,9.49,0.00,94.94,upright_replica,true,one row per paid order,2026-09-28,America/Indiana/Indianapolis,USD
UP-20260928-0066,2026-09-28T19:00:00+00:00,DEMO-ITEM-20260928-0066,GW-018,Goodwillfinds,DEMO-UPRIGHT-0066,"Wool cardigan, size S",Apparel,1,97.05,3.99,6.79,9.70,0.00,97.05,upright_replica,true,one row per paid order,2026-09-28,America/Indiana/Indianapolis,USD
UP-20260928-0067,2026-09-28T20:00:00+00:00,DEMO-ITEM-20260928-0067,GW-019,Shopgoodwill,DEMO-UPRIGHT-0067,Framed landscape print,Art,1,99.16,4.99,6.94,9.91,0.00,99.16,upright_replica,true,one row per paid order,2026-09-28,America/Indiana/Indianapolis,USD
UP-20260928-0068,2026-09-28T21:00:00+00:00,DEMO-ITEM-20260928-0068,GW-020,eBay,DEMO-UPRIGHT-0068,Silver-tone necklace,Jewelry,1,16.27,5.99,1.13,1.62,0.00,16.27,upright_replica,true,one row per paid order,2026-09-28,America/Indiana/Indianapolis,USD
UP-20260928-0069,2026-09-28T18:00:00+00:00,DEMO-ITEM-20260928-0069,GW-021,Goodwillfinds,DEMO-UPRIGHT-0069,Vintage ceramic vase,Home,1,18.38,6.99,1.28,1.83,9.19,9.19,upright_replica,true,one row per paid order,2026-09-28,America/Indiana/Indianapolis,USD
UP-20260928-0070,2026-09-28T19:00:00+00:00,DEMO-ITEM-20260928-0070,GW-022,Shopgoodwill,DEMO-UPRIGHT-0070,"Wool cardigan, size S",Apparel,1,20.49,7.99,1.43,2.04,0.00,20.49,upright_replica,true,one row per paid order,2026-09-28,America/Indiana/Indianapolis,USD
UP-20260928-0071,2026-09-28T20:00:00+00:00,DEMO-ITEM-20260928-0071,GW-023,eBay,DEMO-UPRIGHT-0071,Framed landscape print,Art,1,22.60,3.99,1.58,2.26,0.00,22.60,upright_replica,true,one row per paid order,2026-09-28,America/Indiana/Indianapolis,USD
UP-20260928-0072,2026-09-28T21:00:00+00:00,DEMO-ITEM-20260928-0072,GW-024,Goodwillfinds,DEMO-UPRIGHT-0072,Silver-tone necklace,Jewelry,1,24.71,4.99,1.72,2.47,0.00,24.71,upright_replica,true,one row per paid order,2026-09-28,America/Indiana/Indianapolis,USD
UP-20260928-0073,2026-09-28T18:00:00+00:00,DEMO-ITEM-20260928-0073,GW-001,Shopgoodwill,DEMO-UPRIGHT-0073,Vintage ceramic vase,Home,1,26.82,5.99,1.87,2.68,0.00,26.82,upright_replica,true,one row per paid order,2026-09-28,America/Indiana/Indianapolis,USD
UP-20260928-0074,2026-09-28T19:00:00+00:00,DEMO-ITEM-20260928-0074,GW-002,eBay,DEMO-UPRIGHT-0074,"Wool cardigan, size S",Apparel,1,28.93,6.99,2.02,2.89,0.00,28.93,upright_replica,true,one row per paid order,2026-09-28,America/Indiana/Indianapolis,USD
UP-20260928-0075,2026-09-28T20:00:00+00:00,DEMO-ITEM-20260928-0075,GW-003,Goodwillfinds,DEMO-UPRIGHT-0075,Framed landscape print,Art,1,31.04,7.99,2.17,3.10,0.00,31.04,upright_replica,true,one row per paid order,2026-09-28,America/Indiana/Indianapolis,USD
UP-20260928-0076,2026-09-28T21:00:00+00:00,DEMO-ITEM-20260928-0076,GW-004,Shopgoodwill,DEMO-UPRIGHT-0076,Silver-tone necklace,Jewelry,1,33.15,3.99,2.32,3.31,0.00,33.15,upright_replica,true,one row per paid order,2026-09-28,America/Indiana/Indianapolis,USD
UP-20260928-0077,2026-09-28T18:00:00+00:00,DEMO-ITEM-20260928-0077,GW-005,eBay,DEMO-UPRIGHT-0077,Vintage ceramic vase,Home,1,35.26,4.99,2.46,3.52,0.00,35.26,upright_replica,true,one row per paid order,2026-09-28,America/Indiana/Indianapolis,USD
UP-20260928-0078,2026-09-28T19:00:00+00:00,DEMO-ITEM-20260928-0078,GW-006,Goodwillfinds,DEMO-UPRIGHT-0078,"Wool cardigan, size S",Apparel,1,37.37,5.99,2.61,3.73,0.00,37.37,upright_replica,true,one row per paid order,2026-09-28,America/Indiana/Indianapolis,USD
UP-20260928-0079,2026-09-28T20:00:00+00:00,DEMO-ITEM-20260928-0079,GW-007,Shopgoodwill,DEMO-UPRIGHT-0079,Framed landscape print,Art,1,39.48,6.99,2.76,3.94,0.00,39.48,upright_replica,true,one row per paid order,2026-09-28,America/Indiana/Indianapolis,USD
UP-20260928-0080,2026-09-28T21:00:00+00:00,DEMO-ITEM-20260928-0080,GW-008,eBay,DEMO-UPRIGHT-0080,Silver-tone necklace,Jewelry,1,41.59,7.99,2.91,4.15,0.00,41.59,upright_replica,true,one row per paid order,2026-09-28,America/Indiana/Indianapolis,USD
UP-20260928-0081,2026-09-28T18:00:00+00:00,DEMO-ITEM-20260928-0081,GW-009,Goodwillfinds,DEMO-UPRIGHT-0081,Vintage ceramic vase,Home,1,43.70,3.99,3.05,4.37,0.00,43.70,upright_replica,true,one row per paid order,2026-09-28,America/Indiana/Indianapolis,USD
UP-20260928-0082,2026-09-28T19:00:00+00:00,DEMO-ITEM-20260928-0082,GW-010,Shopgoodwill,DEMO-UPRIGHT-0082,"Wool cardigan, size S",Apparel,1,45.81,4.99,3.20,4.58,0.00,45.81,upright_replica,true,one row per paid order,2026-09-28,America/Indiana/Indianapolis,USD
UP-20260928-0083,2026-09-28T20:00:00+00:00,DEMO-ITEM-20260928-0083,GW-011,eBay,DEMO-UPRIGHT-0083,Framed landscape print,Art,1,47.92,5.99,3.35,4.79,0.00,47.92,upright_replica,true,one row per paid order,2026-09-28,America/Indiana/Indianapolis,USD
UP-20260928-0084,2026-09-28T21:00:00+00:00,DEMO-ITEM-20260928-0084,GW-012,Goodwillfinds,DEMO-UPRIGHT-0084,Silver-tone necklace,Jewelry,1,50.03,6.99,3.50,5.00,0.00,50.03,upright_replica,true,one row per paid order,2026-09-28,America/Indiana/Indianapolis,USD
UP-20260928-0085,2026-09-28T18:00:00+00:00,DEMO-ITEM-20260928-0085,GW-013,Shopgoodwill,DEMO-UPRIGHT-0085,Vintage ceramic vase,Home,1,52.14,7.99,3.64,5.21,0.00,52.14,upright_replica,true,one row per paid order,2026-09-28,America/Indiana/Indianapolis,USD
UP-20260928-0086,2026-09-28T19:00:00+00:00,DEMO-ITEM-20260928-0086,GW-014,eBay,DEMO-UPRIGHT-0086,"Wool cardigan, size S",Apparel,1,54.25,3.99,3.79,5.42,27.12,27.13,upright_replica,true,one row per paid order,2026-09-28,America/Indiana/Indianapolis,USD
UP-20260928-0087,2026-09-28T20:00:00+00:00,DEMO-ITEM-20260928-0087,GW-015,Goodwillfinds,DEMO-UPRIGHT-0087,Framed landscape print,Art,1,56.36,4.99,3.94,5.63,0.00,56.36,upright_replica,true,one row per paid order,2026-09-28,America/Indiana/Indianapolis,USD
UP-20260928-0088,2026-09-28T21:00:00+00:00,DEMO-ITEM-20260928-0088,GW-016,Shopgoodwill,DEMO-UPRIGHT-0088,Silver-tone necklace,Jewelry,1,58.47,5.99,4.09,5.84,0.00,58.47,upright_replica,true,one row per paid order,2026-09-28,America/Indiana/Indianapolis,USD
UP-20260928-0089,2026-09-28T18:00:00+00:00,DEMO-ITEM-20260928-0089,GW-017,eBay,DEMO-UPRIGHT-0089,Vintage ceramic vase,Home,1,60.58,6.99,4.24,6.05,0.00,60.58,upright_replica,true,one row per paid order,2026-09-28,America/Indiana/Indianapolis,USD
UP-20260928-0090,2026-09-28T19:00:00+00:00,DEMO-ITEM-20260928-0090,GW-018,Goodwillfinds,DEMO-UPRIGHT-0001,"Wool cardigan, size S",Apparel,1,62.69,7.99,4.38,6.26,0.00,62.69,upright_replica,true,one row per paid order,2026-09-28,America/Indiana/Indianapolis,USD
UP-20260928-0091,2026-09-28T20:00:00+00:00,DEMO-ITEM-20260928-0091,GW-019,Shopgoodwill,DEMO-UPRIGHT-0002,Framed landscape print,Art,1,64.80,3.99,4.53,6.48,0.00,64.80,upright_replica,true,one row per paid order,2026-09-28,America/Indiana/Indianapolis,USD
UP-20260928-0092,2026-09-28T21:00:00+00:00,DEMO-ITEM-20260928-0092,GW-020,eBay,DEMO-UPRIGHT-0003,Silver-tone necklace,Jewelry,1,66.91,4.99,4.68,6.69,0.00,66.91,upright_replica,true,one row per paid order,2026-09-28,America/Indiana/Indianapolis,USD
UP-20260928-0093,2026-09-28T18:00:00+00:00,DEMO-ITEM-20260928-0093,GW-021,Goodwillfinds,DEMO-UPRIGHT-0004,Vintage ceramic vase,Home,1,69.02,5.99,4.83,6.90,0.00,69.02,upright_replica,true,one row per paid order,2026-09-28,America/Indiana/Indianapolis,USD
UP-20260928-0094,2026-09-28T19:00:00+00:00,DEMO-ITEM-20260928-0094,GW-022,Shopgoodwill,DEMO-UPRIGHT-0005,"Wool cardigan, size S",Apparel,1,71.13,6.99,4.97,7.11,0.00,71.13,upright_replica,true,one row per paid order,2026-09-28,America/Indiana/Indianapolis,USD
UP-20260928-0095,2026-09-28T20:00:00+00:00,DEMO-ITEM-20260928-0095,GW-023,eBay,DEMO-UPRIGHT-0006,Framed landscape print,Art,1,73.24,7.99,5.12,7.32,0.00,73.24,upright_replica,true,one row per paid order,2026-09-28,America/Indiana/Indianapolis,USD
UP-20260928-0096,2026-09-28T21:00:00+00:00,DEMO-ITEM-20260928-0096,GW-024,Goodwillfinds,DEMO-UPRIGHT-0007,Silver-tone necklace,Jewelry,1,75.35,3.99,5.27,7.53,0.00,75.35,upright_replica,true,one row per paid order,2026-09-28,America/Indiana/Indianapolis,USD
UP-20260928-0097,2026-09-28T18:00:00+00:00,DEMO-ITEM-20260928-0097,GW-001,Shopgoodwill,DEMO-UPRIGHT-0008,Vintage ceramic vase,Home,1,77.46,4.99,5.42,7.74,0.00,77.46,upright_replica,true,one row per paid order,2026-09-28,America/Indiana/Indianapolis,USD
UP-20260928-0098,2026-09-28T19:00:00+00:00,DEMO-ITEM-20260928-0098,GW-002,eBay,DEMO-UPRIGHT-0009,"Wool cardigan, size S",Apparel,1,79.57,5.99,5.56,7.95,0.00,79.57,upright_replica,true,one row per paid order,2026-09-28,America/Indiana/Indianapolis,USD
UP-20260928-0099,2026-09-28T20:00:00+00:00,DEMO-ITEM-20260928-0099,GW-003,Goodwillfinds,DEMO-UPRIGHT-0010,Framed landscape print,Art,1,81.68,6.99,5.71,8.16,0.00,81.68,upright_replica,true,one row per paid order,2026-09-28,America/Indiana/Indianapolis,USD
UP-20260928-0100,2026-09-28T21:00:00+00:00,DEMO-ITEM-20260928-0100,GW-004,Shopgoodwill,DEMO-UPRIGHT-0011,Silver-tone necklace,Jewelry,1,83.79,7.99,5.86,8.37,0.00,83.79,upright_replica,true,one row per paid order,2026-09-28,America/Indiana/Indianapolis,USD
UP-20260928-0101,2026-09-28T18:00:00+00:00,DEMO-ITEM-20260928-0101,GW-005,eBay,DEMO-UPRIGHT-0012,Vintage ceramic vase,Home,1,85.90,3.99,6.01,8.59,0.00,85.90,upright_replica,true,one row per paid order,2026-09-28,America/Indiana/Indianapolis,USD
UP-20260928-0102,2026-09-28T19:00:00+00:00,DEMO-ITEM-20260928-0102,GW-006,Goodwillfinds,DEMO-UPRIGHT-0013,"Wool cardigan, size S",Apparel,1,88.01,4.99,6.16,8.80,0.00,88.01,upright_replica,true,one row per paid order,2026-09-28,America/Indiana/Indianapolis,USD
UP-20260928-0103,2026-09-28T20:00:00+00:00,DEMO-ITEM-20260928-0103,GW-007,Shopgoodwill,DEMO-UPRIGHT-0014,Framed landscape print,Art,1,90.12,5.99,6.30,9.01,45.06,45.06,upright_replica,true,one row per paid order,2026-09-28,America/Indiana/Indianapolis,USD
UP-20260928-0104,2026-09-28T21:00:00+00:00,DEMO-ITEM-20260928-0104,GW-008,eBay,DEMO-UPRIGHT-0015,Silver-tone necklace,Jewelry,1,92.23,6.99,6.45,9.22,0.00,92.23,upright_replica,true,one row per paid order,2026-09-28,America/Indiana/Indianapolis,USD
UP-20260928-0105,2026-09-28T18:00:00+00:00,DEMO-ITEM-20260928-0105,GW-009,Goodwillfinds,DEMO-UPRIGHT-0016,Vintage ceramic vase,Home,1,94.34,7.99,6.60,9.43,0.00,94.34,upright_replica,true,one row per paid order,2026-09-28,America/Indiana/Indianapolis,USD
UP-20260928-0106,2026-09-28T19:00:00+00:00,DEMO-ITEM-20260928-0106,GW-010,Shopgoodwill,DEMO-UPRIGHT-0017,"Wool cardigan, size S",Apparel,1,96.45,3.99,6.75,9.64,0.00,96.45,upright_replica,true,one row per paid order,2026-09-28,America/Indiana/Indianapolis,USD
UP-20260928-0107,2026-09-28T20:00:00+00:00,DEMO-ITEM-20260928-0107,GW-011,eBay,DEMO-UPRIGHT-0018,Framed landscape print,Art,1,98.56,4.99,6.89,9.85,0.00,98.56,upright_replica,true,one row per paid order,2026-09-28,America/Indiana/Indianapolis,USD
UP-20260928-0108,2026-09-28T21:00:00+00:00,DEMO-ITEM-20260928-0108,GW-012,Goodwillfinds,DEMO-UPRIGHT-0019,Silver-tone necklace,Jewelry,1,15.67,5.99,1.09,1.56,0.00,15.67,upright_replica,true,one row per paid order,2026-09-28,America/Indiana/Indianapolis,USD
UP-20260928-0109,2026-09-28T18:00:00+00:00,DEMO-ITEM-20260928-0109,GW-013,Shopgoodwill,DEMO-UPRIGHT-0020,Vintage ceramic vase,Home,1,17.78,6.99,1.24,1.77,0.00,17.78,upright_replica,true,one row per paid order,2026-09-28,America/Indiana/Indianapolis,USD
UP-20260928-0110,2026-09-28T19:00:00+00:00,DEMO-ITEM-20260928-0110,GW-014,eBay,DEMO-UPRIGHT-0021,"Wool cardigan, size S",Apparel,1,19.89,7.99,1.39,1.98,0.00,19.89,upright_replica,true,one row per paid order,2026-09-28,America/Indiana/Indianapolis,USD
UP-20260928-0111,2026-09-28T20:00:00+00:00,DEMO-ITEM-20260928-0111,GW-015,Goodwillfinds,DEMO-UPRIGHT-0022,Framed landscape print,Art,1,22.00,3.99,1.54,2.20,0.00,22.00,upright_replica,true,one row per paid order,2026-09-28,America/Indiana/Indianapolis,USD
UP-20260928-0112,2026-09-28T21:00:00+00:00,DEMO-ITEM-20260928-0112,GW-016,Shopgoodwill,DEMO-UPRIGHT-0023,Silver-tone necklace,Jewelry,1,24.11,4.99,1.68,2.41,0.00,24.11,upright_replica,true,one row per paid order,2026-09-28,America/Indiana/Indianapolis,USD
UP-20260928-0113,2026-09-28T18:00:00+00:00,DEMO-ITEM-20260928-0113,GW-017,eBay,DEMO-UPRIGHT-0024,Vintage ceramic vase,Home,1,26.22,5.99,1.83,2.62,0.00,26.22,upright_replica,true,one row per paid order,2026-09-28,America/Indiana/Indianapolis,USD
UP-20260928-0114,2026-09-28T19:00:00+00:00,DEMO-ITEM-20260928-0114,GW-018,Goodwillfinds,DEMO-UPRIGHT-0025,"Wool cardigan, size S",Apparel,1,28.33,6.99,1.98,2.83,0.00,28.33,upright_replica,true,one row per paid order,2026-09-28,America/Indiana/Indianapolis,USD
UP-20260928-0115,2026-09-28T20:00:00+00:00,DEMO-ITEM-20260928-0115,GW-019,Shopgoodwill,DEMO-UPRIGHT-0026,Framed landscape print,Art,1,30.44,7.99,2.13,3.04,0.00,30.44,upright_replica,true,one row per paid order,2026-09-28,America/Indiana/Indianapolis,USD
UP-20260928-0116,2026-09-28T21:00:00+00:00,DEMO-ITEM-20260928-0116,GW-020,eBay,DEMO-UPRIGHT-0027,Silver-tone necklace,Jewelry,1,32.55,3.99,2.27,3.25,0.00,32.55,upright_replica,true,one row per paid order,2026-09-28,America/Indiana/Indianapolis,USD
UP-20260928-0117,2026-09-28T18:00:00+00:00,DEMO-ITEM-20260928-0117,GW-021,Goodwillfinds,DEMO-UPRIGHT-0028,Vintage ceramic vase,Home,1,34.66,4.99,2.42,3.46,0.00,34.66,upright_replica,true,one row per paid order,2026-09-28,America/Indiana/Indianapolis,USD
UP-20260928-0118,2026-09-28T19:00:00+00:00,DEMO-ITEM-20260928-0118,GW-022,Shopgoodwill,DEMO-UPRIGHT-0029,"Wool cardigan, size S",Apparel,1,36.77,5.99,2.57,3.67,0.00,36.77,upright_replica,true,one row per paid order,2026-09-28,America/Indiana/Indianapolis,USD
UP-20260928-0119,2026-09-28T20:00:00+00:00,DEMO-ITEM-20260928-0119,GW-023,eBay,DEMO-UPRIGHT-0030,Framed landscape print,Art,1,38.88,6.99,2.72,3.88,0.00,38.88,upright_replica,true,one row per paid order,2026-09-28,America/Indiana/Indianapolis,USD
UP-20260928-0120,2026-09-28T21:00:00+00:00,DEMO-ITEM-20260928-0120,GW-024,Goodwillfinds,DEMO-UPRIGHT-0031,Silver-tone necklace,Jewelry,1,40.99,7.99,2.86,4.09,20.49,20.50,upright_replica,true,one row per paid order,2026-09-28,America/Indiana/Indianapolis,USD
UP-20260928-0121,2026-09-28T18:00:00+00:00,DEMO-ITEM-20260928-0121,GW-001,Shopgoodwill,DEMO-UPRIGHT-0032,Vintage ceramic vase,Home,1,43.10,3.99,3.01,4.31,0.00,43.10,upright_replica,true,one row per paid order,2026-09-28,America/Indiana/Indianapolis,USD
UP-20260928-0122,2026-09-28T19:00:00+00:00,DEMO-ITEM-20260928-0122,GW-002,eBay,DEMO-UPRIGHT-0033,"Wool cardigan, size S",Apparel,1,45.21,4.99,3.16,4.52,0.00,45.21,upright_replica,true,one row per paid order,2026-09-28,America/Indiana/Indianapolis,USD
UP-20260928-0123,2026-09-28T20:00:00+00:00,DEMO-ITEM-20260928-0123,GW-003,Goodwillfinds,DEMO-UPRIGHT-0034,Framed landscape print,Art,1,47.32,5.99,3.31,4.73,0.00,47.32,upright_replica,true,one row per paid order,2026-09-28,America/Indiana/Indianapolis,USD
UP-20260928-0124,2026-09-28T21:00:00+00:00,DEMO-ITEM-20260928-0124,GW-004,Shopgoodwill,DEMO-UPRIGHT-0035,Silver-tone necklace,Jewelry,1,49.43,6.99,3.46,4.94,0.00,49.43,upright_replica,true,one row per paid order,2026-09-28,America/Indiana/Indianapolis,USD
UP-20260928-0125,2026-09-28T18:00:00+00:00,DEMO-ITEM-20260928-0125,GW-005,eBay,DEMO-UPRIGHT-0036,Vintage ceramic vase,Home,1,51.54,7.99,3.60,5.15,0.00,51.54,upright_replica,true,one row per paid order,2026-09-28,America/Indiana/Indianapolis,USD
UP-20260928-0126,2026-09-28T19:00:00+00:00,DEMO-ITEM-20260928-0126,GW-006,Goodwillfinds,DEMO-UPRIGHT-0037,"Wool cardigan, size S",Apparel,1,53.65,3.99,3.75,5.36,0.00,53.65,upright_replica,true,one row per paid order,2026-09-28,America/Indiana/Indianapolis,USD
UP-20260928-0127,2026-09-28T20:00:00+00:00,DEMO-ITEM-20260928-0127,GW-007,Shopgoodwill,DEMO-UPRIGHT-0038,Framed landscape print,Art,1,55.76,4.99,3.90,5.57,0.00,55.76,upright_replica,true,one row per paid order,2026-09-28,America/Indiana/Indianapolis,USD
UP-20260928-0128,2026-09-28T21:00:00+00:00,DEMO-ITEM-20260928-0128,GW-008,eBay,DEMO-UPRIGHT-0039,Silver-tone necklace,Jewelry,1,57.87,5.99,4.05,5.78,0.00,57.87,upright_replica,true,one row per paid order,2026-09-28,America/Indiana/Indianapolis,USD
