order_id,order_date,sku,title,category,store_id,buyer_id,quantity,item_revenue,shipping_revenue,refund_amount,payment_fee,payout_amount
CM-2608-000026,2026-08-01,BOOK-000026,Engineering reference manual,Books,GW-009,BUY-CM-00100,1,11.07,4.20,0.00,1.02,14.25
CM-2608-000152,2026-08-01,BOOK-000152,Hardcover regional cookbook,Books,GW-020,BUY-CM-00140,1,16.55,4.53,0.00,1.29,19.79
CM-2608-000176,2026-08-01,BOOK-000176,Hardcover regional cookbook,Books,GW-016,BUY-CM-00138,1,12.15,7.22,0.00,1.21,18.16
CM-2608-000190,2026-08-01,BOOK-000190,"Illustrated field guide, revised edition",Books,GW-012,BUY-CM-00244,3,31.02,4.02,0.00,1.95,33.09
CM-2608-000219,2026-08-01,BOOK-000219,"Art history volume, dust jacket",Books,GW-004,BUY-CM-00158,1,21.49,0.00,0.00,1.31,20.18
CM-2608-000285,2026-08-01,BOOK-000285,Engineering reference manual,Books,GW-012,BUY-CM-00267,1,8.35,5.59,0.00,0.96,12.98
CM-2608-000316,2026-08-01,BOOK-000316,Hardcover regional cookbook,Books,GW-004,BUY-CM-00017,1,14.30,5.88,0.00,1.25,18.93
CM-2608-000330,2026-08-01,BOOK-000330,"Art history volume, dust jacket",Books,GW-001,BUY-CM-00145,1,8.53,0.00,0.00,0.70,7.83
CM-2608-000334,2026-08-01,BOOK-000334,Engineering reference manual,Books,GW-023,BUY-CM-00234,2,55.24,5.35,0.00,3.15,57.44
CM-2608-000366,2026-08-01,BOOK-000366,"Mystery paperback lot, 6 books",Books,GW-004,BUY-CM-00284,1,13.66,6.71,0.00,1.26,19.11
CM-2608-000371,2026-08-01,BOOK-000371,"Art history volume, dust jacket",Books,GW-012,BUY-CM-00151,3,23.98,5.77,0.00,1.70,28.05
CM-2608-000421,2026-08-01,BOOK-000421,"Art history volume, dust jacket",Books,GW-012,BUY-CM-00231,1,19.49,7.43,0.00,1.57,25.35
CM-2608-000424,2026-08-01,BOOK-000424,"Illustrated field guide, revised edition",Books,GW-024,BUY-CM-00276,1,10.87,6.00,4.01,1.09,11.77
CM-2608-000427,2026-08-01,BOOK-000427,"Art history volume, dust jacket",Books,GW-016,BUY-CM-00057,1,40.02,4.01,0.00,2.37,41.66
CM-2608-000451,2026-08-01,BOOK-000451,Engineering reference manual,Books,GW-018,BUY-CM-00233,1,21.98,5.78,0.00,1.60,26.16
CM-2608-000453,2026-08-01,BOOK-000453,"Art history volume, dust jacket",Books,GW-006,BUY-CM-00121,2,3.54,4.88,0.00,0.70,7.72
CM-2608-000068,2026-08-02,BOOK-000068,"Art history volume, dust jacket",Books,GW-005,BUY-CM-00116,1,22.65,4.70,0.00,1.59,25.76
CM-2608-000079,2026-08-02,BOOK-000079,"Mystery paperback lot, 6 books",Books,GW-024,BUY-CM-00061,1,16.49,5.56,0.00,1.34,20.71
CM-2608-000169,2026-08-02,BOOK-000169,"Mystery paperback lot, 6 books",Books,GW-001,BUY-CM-00061,1,42.89,5.66,0.00,2.58,45.97
CM-2608-000256,2026-08-02,BOOK-000256,"Mystery paperback lot, 6 books",Books,GW-008,BUY-CM-00063,1,17.35,6.66,0.00,1.43,22.58
CM-2608-000263,2026-08-02,BOOK-000263,"Art history volume, dust jacket",Books,GW-017,BUY-CM-00033,3,17.43,6.40,0.00,1.42,22.41
CM-2608-000277,2026-08-02,BOOK-000277,"Mystery paperback lot, 6 books",Books,GW-017,BUY-CM-00153,3,10.60,4.07,0.00,0.99,13.68
CM-2608-000282,2026-08-02,BOOK-000282,Hardcover regional cookbook,Books,GW-004,BUY-CM-00155,2,21.34,4.71,0.00,1.52,24.53
CM-2608-000283,2026-08-02,BOOK-000283,Hardcover regional cookbook,Books,GW-019,BUY-CM-00056,1,22.10,6.61,0.00,1.65,27.06
CM-2608-000291,2026-08-02,BOOK-000291,"Art history volume, dust jacket",Books,GW-004,BUY-CM-00013,1,20.19,0.00,0.00,1.25,18.94
CM-2608-000292,2026-08-02,BOOK-000292,Engineering reference manual,Books,GW-005,BUY-CM-00164,1,8.75,5.29,0.00,0.96,13.08
CM-2608-000303,2026-08-02,BOOK-000303,Engineering reference manual,Books,GW-018,BUY-CM-00231,1,40.52,7.08,0.00,2.54,45.06
CM-2608-000326,2026-08-02,BOOK-000326,Engineering reference manual,Books,GW-004,BUY-CM-00222,3,16.38,4.72,0.00,1.29,19.81
CM-2608-000344,2026-08-02,BOOK-000344,Engineering reference manual,Books,GW-011,BUY-CM-00220,1,19.56,4.49,0.00,1.43,22.62
CM-2608-000348,2026-08-02,BOOK-000348,"Mystery paperback lot, 6 books",Books,GW-023,BUY-CM-00101,1,26.71,6.89,0.00,1.88,31.72
CM-2608-000394,2026-08-02,BOOK-000394,Hardcover regional cookbook,Books,GW-021,BUY-CM-00209,1,14.83,5.29,0.00,1.25,18.87
CM-2608-000398,2026-08-02,BOOK-000398,Engineering reference manual,Books,GW-004,BUY-CM-00100,1,42.77,5.37,0.00,2.56,45.58
CM-2608-000405,2026-08-02,BOOK-000405,Hardcover regional cookbook,Books,GW-013,BUY-CM-00257,1,11.22,6.72,0.00,1.14,16.80
CM-2608-000454,2026-08-02,BOOK-000454,Hardcover regional cookbook,Books,GW-018,BUY-CM-00033,1,12.59,6.10,0.00,1.18,17.51
CM-2608-000472,2026-08-02,BOOK-000472,Hardcover regional cookbook,Books,GW-020,BUY-CM-00162,1,20.75,0.00,0.00,1.28,19.47
CM-2608-000499,2026-08-02,BOOK-000499,"Mystery paperback lot, 6 books",Books,GW-004,BUY-CM-00071,1,7.55,6.20,0.00,0.95,12.80
CM-2608-000010,2026-08-03,BOOK-000010,Engineering reference manual,Books,GW-011,BUY-CM-00179,1,3.72,4.59,0.00,0.69,7.62
CM-2608-000048,2026-08-03,BOOK-000048,"Illustrated field guide, revised edition",Books,GW-015,BUY-CM-00117,1,39.79,5.85,0.00,2.45,43.19
CM-2608-000063,2026-08-03,BOOK-000063,"Art history volume, dust jacket",Books,GW-021,BUY-CM-00056,1,11.37,5.54,0.00,1.09,15.82
CM-2608-000129,2026-08-03,BOOK-000129,Engineering reference manual,Books,GW-024,BUY-CM-00146,2,7.91,0.00,1.86,0.67,5.38
CM-2608-000182,2026-08-03,BOOK-000182,"Illustrated field guide, revised edition",Books,GW-024,BUY-CM-00238,1,11.85,4.69,0.00,1.08,15.46
CM-2608-000281,2026-08-03,BOOK-000281,Engineering reference manual,Books,GW-001,BUY-CM-00262,1,8.43,6.95,0.00,1.02,14.36
CM-2608-000342,2026-08-03,BOOK-000342,"Mystery paperback lot, 6 books",Books,GW-015,BUY-CM-00285,1,25.51,6.61,0.00,1.81,30.31
CM-2608-000363,2026-08-03,BOOK-000363,Hardcover regional cookbook,Books,GW-009,BUY-CM-00288,2,52.11,5.95,0.00,3.03,55.03
CM-2608-000372,2026-08-03,BOOK-000372,Engineering reference manual,Books,GW-008,BUY-CM-00100,2,46.78,6.83,0.00,2.82,50.79
CM-2608-000389,2026-08-03,BOOK-000389,"Illustrated field guide, revised edition",Books,GW-021,BUY-CM-00014,1,40.47,4.36,0.00,2.41,42.42
CM-2608-000006,2026-08-04,BOOK-000006,"Art history volume, dust jacket",Books,GW-018,BUY-CM-00208,2,13.25,4.89,0.00,1.15,16.99
CM-2608-000040,2026-08-04,BOOK-000040,Hardcover regional cookbook,Books,GW-020,BUY-CM-00062,1,45.17,6.47,0.00,2.73,48.91
CM-2608-000112,2026-08-04,BOOK-000112,Hardcover regional cookbook,Books,GW-009,BUY-CM-00024,1,14.92,6.35,0.00,1.30,19.97
CM-2608-000116,2026-08-04,BOOK-000116,"Art history volume, dust jacket",Books,GW-018,BUY-CM-00209,1,63.13,0.00,0.00,3.27,59.86
CM-2608-000202,2026-08-04,BOOK-000202,"Mystery paperback lot, 6 books",Books,GW-017,BUY-CM-00136,1,37.64,4.88,0.00,2.30,40.22
CM-2608-000239,2026-08-04,BOOK-000239,Hardcover regional cookbook,Books,GW-021,BUY-CM-00022,1,19.07,5.02,0.00,1.43,22.66
CM-2608-000368,2026-08-04,BOOK-000368,Engineering reference manual,Books,GW-022,BUY-CM-00048,1,15.85,4.58,0.00,1.26,19.17
CM-2608-000375,2026-08-04,BOOK-000375,"Art history volume, dust jacket",Books,GW-014,BUY-CM-00111,1,13.33,5.19,0.00,1.17,17.35
CM-2608-000385,2026-08-04,BOOK-000385,Hardcover regional cookbook,Books,GW-022,BUY-CM-00011,1,8.14,6.95,0.00,1.01,14.08
CM-2608-000407,2026-08-04,BOOK-000407,Engineering reference manual,Books,GW-004,BUY-CM-00289,1,15.65,5.83,0.00,1.31,20.17
CM-2608-000419,2026-08-04,BOOK-000419,Hardcover regional cookbook,Books,GW-001,BUY-CM-00038,1,19.56,4.77,0.00,1.44,22.89
CM-2608-000422,2026-08-04,BOOK-000422,Engineering reference manual,Books,GW-017,BUY-CM-00043,1,15.87,5.99,0.00,1.33,20.53
CM-2608-000474,2026-08-04,BOOK-000474,Hardcover regional cookbook,Books,GW-012,BUY-CM-00307,1,13.71,6.68,6.74,1.26,12.39
CM-2608-000493,2026-08-04,BOOK-000493,"Illustrated field guide, revised edition",Books,GW-014,BUY-CM-00309,1,13.50,6.70,0.00,1.25,18.95
CM-2608-000017,2026-08-05,BOOK-000017,"Mystery paperback lot, 6 books",Books,GW-005,BUY-CM-00297,1,18.18,7.09,0.00,1.49,23.78
CM-2608-000038,2026-08-05,BOOK-000038,"Illustrated field guide, revised edition",Books,GW-015,BUY-CM-00026,1,17.60,5.80,0.00,1.40,22.00
CM-2608-000045,2026-08-05,BOOK-000045,Hardcover regional cookbook,Books,GW-022,BUY-CM-00254,3,8.88,5.91,0.00,1.00,13.79
CM-2608-000058,2026-08-05,BOOK-000058,"Mystery paperback lot, 6 books",Books,GW-011,BUY-CM-00168,1,14.91,6.76,0.00,1.32,20.35
CM-2608-000117,2026-08-05,BOOK-000117,"Art history volume, dust jacket",Books,GW-016,BUY-CM-00042,1,15.51,5.72,0.00,1.30,19.93
CM-2608-000163,2026-08-05,BOOK-000163,"Art history volume, dust jacket",Books,GW-012,BUY-CM-00026,1,14.21,5.74,0.00,1.24,18.71
CM-2608-000171,2026-08-05,BOOK-000171,Hardcover regional cookbook,Books,GW-009,BUY-CM-00011,1,32.00,6.15,0.00,2.09,36.06
CM-2608-000210,2026-08-05,BOOK-000210,Hardcover regional cookbook,Books,GW-009,BUY-CM-00243,1,28.37,4.05,0.00,1.82,30.60
CM-2608-000229,2026-08-05,BOOK-000229,Engineering reference manual,Books,GW-001,BUY-CM-00278,3,11.89,6.72,0.00,1.17,17.44
CM-2608-000293,2026-08-05,BOOK-000293,"Art history volume, dust jacket",Books,GW-020,BUY-CM-00230,2,13.40,6.56,0.00,1.24,18.72
CM-2608-000313,2026-08-05,BOOK-000313,Hardcover regional cookbook,Books,GW-021,BUY-CM-00205,1,26.28,0.00,0.00,1.54,24.74
CM-2608-000343,2026-08-05,BOOK-000343,"Mystery paperback lot, 6 books",Books,GW-015,BUY-CM-00129,1,31.60,5.41,0.00,2.04,34.97
CM-2608-000384,2026-08-05,BOOK-000384,"Art history volume, dust jacket",Books,GW-017,BUY-CM-00302,1,19.59,5.15,0.00,1.46,23.28
CM-2608-000386,2026-08-05,BOOK-000386,"Mystery paperback lot, 6 books",Books,GW-013,BUY-CM-00040,1,21.39,5.66,0.00,1.57,25.48
CM-2608-000406,2026-08-05,BOOK-000406,"Illustrated field guide, revised edition",Books,GW-004,BUY-CM-00198,1,9.22,5.39,0.00,0.99,13.62
CM-2608-000414,2026-08-05,BOOK-000414,Hardcover regional cookbook,Books,GW-018,BUY-CM-00110,1,5.12,6.93,0.00,0.87,11.18
CM-2608-000118,2026-08-06,BOOK-000118,"Illustrated field guide, revised edition",Books,GW-008,BUY-CM-00159,1,14.43,4.78,0.00,1.20,18.01
CM-2608-000120,2026-08-06,BOOK-000120,Engineering reference manual,Books,GW-015,BUY-CM-00008,1,10.18,0.00,10.18,0.78,-0.78
CM-2608-000142,2026-08-06,BOOK-000142,"Art history volume, dust jacket",Books,GW-003,BUY-CM-00046,1,58.39,4.47,0.00,3.25,59.61
CM-2608-000150,2026-08-06,BOOK-000150,"Mystery paperback lot, 6 books",Books,GW-014,BUY-CM-00169,6,7.47,5.94,0.00,0.93,12.48
CM-2608-000154,2026-08-06,BOOK-000154,"Mystery paperback lot, 6 books",Books,GW-004,BUY-CM-00202,1,25.44,7.07,0.00,1.83,30.68
CM-2608-000265,2026-08-06,BOOK-000265,"Mystery paperback lot, 6 books",Books,GW-006,BUY-CM-00023,1,28.77,7.04,0.00,1.98,33.83
CM-2608-000317,2026-08-06,BOOK-000317,"Art history volume, dust jacket",Books,GW-004,BUY-CM-00145,2,18.27,7.24,0.00,1.50,24.01
CM-2608-000327,2026-08-06,BOOK-000327,Engineering reference manual,Books,GW-011,BUY-CM-00154,1,12.64,5.67,0.00,1.16,17.15
CM-2608-000358,2026-08-06,BOOK-000358,Hardcover regional cookbook,Books,GW-005,BUY-CM-00161,1,13.77,5.44,0.00,1.20,18.01
CM-2608-000387,2026-08-06,BOOK-000387,"Art history volume, dust jacket",Books,GW-006,BUY-CM-00292,1,4.73,6.46,1.78,0.83,8.58
CM-2608-000432,2026-08-06,BOOK-000432,"Mystery paperback lot, 6 books",Books,GW-012,BUY-CM-00128,1,6.84,6.96,0.00,0.95,12.85
CM-2608-000434,2026-08-06,BOOK-000434,"Art history volume, dust jacket",Books,GW-018,BUY-CM-00055,1,79.14,4.75,0.00,4.24,79.65
CM-2608-000437,2026-08-06,BOOK-000437,"Art history volume, dust jacket",Books,GW-006,BUY-CM-00294,1,16.17,4.05,0.00,1.25,18.97
CM-2608-000440,2026-08-06,BOOK-000440,Engineering reference manual,Books,GW-006,BUY-CM-00169,1,10.44,5.25,0.00,1.04,14.65
CM-2608-000458,2026-08-06,BOOK-000458,Engineering reference manual,Books,GW-017,BUY-CM-00126,1,6.49,6.01,0.00,0.89,11.61
CM-2608-000029,2026-08-07,BOOK-000029,Hardcover regional cookbook,Books,GW-009,BUY-CM-00065,1,13.59,5.37,0.00,1.19,17.77
CM-2608-000056,2026-08-07,BOOK-000056,"Mystery paperback lot, 6 books",Books,GW-017,BUY-CM-00247,2,14.03,4.63,0.00,1.18,17.48
CM-2608-000060,2026-08-07,BOOK-000060,"Illustrated field guide, revised edition",Books,GW-006,BUY-CM-00302,1,12.44,6.67,0.00,1.20,17.91
CM-2608-000087,2026-08-07,BOOK-000087,Engineering reference manual,Books,GW-011,BUY-CM-00207,1,19.74,5.24,0.00,1.47,23.51
CM-2608-000096,2026-08-07,BOOK-000096,Hardcover regional cookbook,Books,GW-022,BUY-CM-00201,6,8.34,4.16,0.00,0.89,11.61
CM-2608-000178,2026-08-07,BOOK-000178,"Mystery paperback lot, 6 books",Books,GW-005,BUY-CM-00207,1,22.81,7.10,0.00,1.71,28.20
CM-2608-000185,2026-08-07,BOOK-000185,"Mystery paperback lot, 6 books",Books,GW-023,BUY-CM-00183,1,38.00,0.00,0.00,2.09,35.91
CM-2608-000199,2026-08-07,BOOK-000199,"Art history volume, dust jacket",Books,GW-001,BUY-CM-00129,1,20.36,5.70,0.00,1.52,24.54
CM-2608-000205,2026-08-07,BOOK-000205,Engineering reference manual,Books,GW-008,BUY-CM-00286,1,17.35,5.84,0.00,1.39,21.80
CM-2608-000249,2026-08-07,BOOK-000249,"Illustrated field guide, revised edition",Books,GW-003,BUY-CM-00070,1,13.92,6.00,0.00,1.24,18.68
CM-2608-000280,2026-08-07,BOOK-000280,Engineering reference manual,Books,GW-004,BUY-CM-00066,1,69.74,7.14,0.00,3.91,72.97
CM-2608-000300,2026-08-07,BOOK-000300,"Illustrated field guide, revised edition",Books,GW-001,BUY-CM-00138,1,15.74,7.43,0.00,1.39,21.78
CM-2608-000306,2026-08-07,BOOK-000306,"Mystery paperback lot, 6 books",Books,GW-017,BUY-CM-00284,1,6.57,4.65,0.00,0.83,10.39
CM-2608-000325,2026-08-07,BOOK-000325,Engineering reference manual,Books,GW-003,BUY-CM-00003,1,34.87,0.00,0.00,1.94,32.93
CM-2608-000365,2026-08-07,BOOK-000365,"Illustrated field guide, revised edition",Books,GW-001,BUY-CM-00064,1,5.02,4.88,0.00,0.77,9.13
CM-2608-000456,2026-08-07,BOOK-000456,Engineering reference manual,Books,GW-005,BUY-CM-00050,2,31.31,0.00,0.00,1.77,29.54
CM-2608-000462,2026-08-07,BOOK-000462,"Mystery paperback lot, 6 books",Books,GW-005,BUY-CM-00013,1,24.36,5.49,0.00,1.70,28.15
CM-2608-000476,2026-08-07,BOOK-000476,Hardcover regional cookbook,Books,GW-019,BUY-CM-00148,1,6.02,7.07,0.00,0.92,12.17
CM-2608-000009,2026-08-08,BOOK-000009,"Illustrated field guide, revised edition",Books,GW-021,BUY-CM-00071,1,5.98,6.17,2.91,0.87,8.37
CM-2608-000052,2026-08-08,BOOK-000052,Engineering reference manual,Books,GW-006,BUY-CM-00120,1,8.80,4.18,0.00,0.91,12.07
CM-2608-000061,2026-08-08,BOOK-000061,Engineering reference manual,Books,GW-008,BUY-CM-00289,1,19.67,5.93,0.00,1.50,24.10
CM-2608-000089,2026-08-08,BOOK-000089,Engineering reference manual,Books,GW-018,BUY-CM-00238,1,15.52,5.48,0.00,1.29,19.71
CM-2608-000093,2026-08-08,BOOK-000093,Hardcover regional cookbook,Books,GW-005,BUY-CM-00204,1,90.70,0.00,0.00,4.56,86.14
CM-2608-000134,2026-08-08,BOOK-000134,"Illustrated field guide, revised edition",Books,GW-001,BUY-CM-00265,1,10.04,5.76,0.00,1.04,14.76
CM-2608-000137,2026-08-08,BOOK-000137,Engineering reference manual,Books,GW-007,BUY-CM-00073,2,19.23,6.36,0.00,1.50,24.09
CM-2608-000228,2026-08-08,BOOK-000228,Hardcover regional cookbook,Books,GW-004,BUY-CM-00096,1,26.06,6.06,0.00,1.81,30.31
CM-2608-000234,2026-08-08,BOOK-000234,"Art history volume, dust jacket",Books,GW-016,BUY-CM-00171,2,14.06,4.30,0.00,1.16,17.20
CM-2608-000258,2026-08-08,BOOK-000258,"Illustrated field guide, revised edition",Books,GW-021,BUY-CM-00180,1,21.84,6.70,0.00,1.64,26.90
CM-2608-000278,2026-08-08,BOOK-000278,"Mystery paperback lot, 6 books",Books,GW-012,BUY-CM-00162,3,11.12,7.12,0.00,1.16,17.08
CM-2608-000329,2026-08-08,BOOK-000329,Hardcover regional cookbook,Books,GW-020,BUY-CM-00129,2,11.37,4.78,0.00,1.06,15.09
CM-2608-000449,2026-08-08,BOOK-000449,"Mystery paperback lot, 6 books",Books,GW-016,BUY-CM-00227,1,32.46,5.72,0.00,2.09,36.09
CM-2608-000491,2026-08-08,BOOK-000491,Engineering reference manual,Books,GW-008,BUY-CM-00035,1,8.12,6.17,0.00,0.97,13.32
CM-2608-000497,2026-08-08,BOOK-000497,Hardcover regional cookbook,Books,GW-012,BUY-CM-00168,1,27.21,6.82,0.00,1.90,32.13
CM-2608-000023,2026-08-09,BOOK-000023,"Illustrated field guide, revised edition",Books,GW-002,BUY-CM-00206,1,14.00,6.84,0.00,1.28,19.56
CM-2608-000024,2026-08-09,BOOK-000024,Engineering reference manual,Books,GW-008,BUY-CM-00304,1,14.63,5.11,0.00,1.23,18.51
CM-2608-000039,2026-08-09,BOOK-000039,Hardcover regional cookbook,Books,GW-020,BUY-CM-00274,1,16.51,6.60,0.00,1.39,21.72
CM-2608-000195,2026-08-09,BOOK-000195,"Art history volume, dust jacket",Books,GW-008,BUY-CM-00143,1,23.22,7.15,0.00,1.73,28.64
CM-2608-000244,2026-08-09,BOOK-000244,"Mystery paperback lot, 6 books",Books,GW-002,BUY-CM-00305,1,18.34,5.44,0.00,1.42,22.36
CM-2608-000294,2026-08-09,BOOK-000294,"Illustrated field guide, revised edition",Books,GW-024,BUY-CM-00132,1,30.58,5.22,0.00,1.98,33.82
CM-2608-000345,2026-08-09,BOOK-000345,"Mystery paperback lot, 6 books",Books,GW-016,BUY-CM-00275,2,20.16,6.74,3.71,1.56,21.63
CM-2608-000397,2026-08-09,BOOK-000397,Engineering reference manual,Books,GW-008,BUY-CM-00084,1,11.33,4.25,0.00,1.03,14.55
CM-2608-000428,2026-08-09,BOOK-000428,Hardcover regional cookbook,Books,GW-021,BUY-CM-00192,1,21.23,5.80,0.00,1.57,25.46
CM-2608-000431,2026-08-09,BOOK-000431,"Illustrated field guide, revised edition",Books,GW-024,BUY-CM-00263,2,79.15,6.68,0.00,4.33,81.50
CM-2608-000433,2026-08-09,BOOK-000433,"Mystery paperback lot, 6 books",Books,GW-008,BUY-CM-00248,1,55.22,4.75,0.00,3.12,56.85
CM-2608-000461,2026-08-09,BOOK-000461,Hardcover regional cookbook,Books,GW-009,BUY-CM-00004,1,40.86,6.78,0.00,2.54,45.10
CM-2608-000466,2026-08-09,BOOK-000466,"Mystery paperback lot, 6 books",Books,GW-002,BUY-CM-00173,1,20.45,4.91,0.00,1.49,23.87
CM-2608-000014,2026-08-10,BOOK-000014,Hardcover regional cookbook,Books,GW-022,BUY-CM-00075,1,24.45,7.05,0.00,1.78,29.72
CM-2608-000019,2026-08-10,BOOK-000019,"Mystery paperback lot, 6 books",Books,GW-004,BUY-CM-00284,1,43.83,7.13,43.83,2.70,4.43
CM-2608-000101,2026-08-10,BOOK-000101,Hardcover regional cookbook,Books,GW-022,BUY-CM-00261,2,16.36,5.49,0.00,1.33,20.52
CM-2608-000113,2026-08-10,BOOK-000113,Hardcover regional cookbook,Books,GW-004,BUY-CM-00082,1,23.13,5.17,0.00,1.63,26.67
CM-2608-000122,2026-08-10,BOOK-000122,"Illustrated field guide, revised edition",Books,GW-008,BUY-CM-00275,1,13.04,0.00,0.00,0.91,12.13
CM-2608-000125,2026-08-10,BOOK-000125,Engineering reference manual,Books,GW-021,BUY-CM-00060,2,45.60,7.09,0.00,2.78,49.91
CM-2608-000147,2026-08-10,BOOK-000147,"Illustrated field guide, revised edition",Books,GW-006,BUY-CM-00294,3,25.32,7.32,0.00,1.83,30.81
CM-2608-000223,2026-08-10,BOOK-000223,"Art history volume, dust jacket",Books,GW-014,BUY-CM-00186,1,31.24,0.00,0.00,1.77,29.47
CM-2608-000224,2026-08-10,BOOK-000224,"Art history volume, dust jacket",Books,GW-021,BUY-CM-00123,1,14.63,4.40,0.00,1.19,17.84
CM-2608-000321,2026-08-10,BOOK-000321,Hardcover regional cookbook,Books,GW-008,BUY-CM-00187,1,13.69,6.42,0.00,1.25,18.86
CM-2608-000359,2026-08-10,BOOK-000359,Engineering reference manual,Books,GW-015,BUY-CM-00205,2,37.18,0.00,0.00,2.05,35.13
CM-2608-000361,2026-08-10,BOOK-000361,"Art history volume, dust jacket",Books,GW-016,BUY-CM-00141,1,36.47,0.00,0.00,2.01,34.46
CM-2608-000393,2026-08-10,BOOK-000393,"Art history volume, dust jacket",Books,GW-005,BUY-CM-00024,1,9.94,6.10,0.00,1.05,14.99
CM-2608-000417,2026-08-10,BOOK-000417,"Illustrated field guide, revised edition",Books,GW-001,BUY-CM-00066,1,13.29,4.95,13.29,1.16,3.79
CM-2608-000435,2026-08-10,BOOK-000435,"Art history volume, dust jacket",Books,GW-020,BUY-CM-00221,1,16.45,6.04,0.00,1.36,21.13
CM-2608-000447,2026-08-10,BOOK-000447,"Mystery paperback lot, 6 books",Books,GW-012,BUY-CM-00102,1,8.73,6.33,0.00,1.01,14.05
CM-2608-000479,2026-08-10,BOOK-000479,Engineering reference manual,Books,GW-017,BUY-CM-00165,1,13.27,4.78,0.00,1.15,16.90
CM-2608-000097,2026-08-11,BOOK-000097,"Mystery paperback lot, 6 books",Books,GW-023,BUY-CM-00280,1,15.13,6.96,0.00,1.34,20.75
CM-2608-000149,2026-08-11,BOOK-000149,"Art history volume, dust jacket",Books,GW-018,BUY-CM-00186,1,18.57,5.90,18.57,1.45,4.45
CM-2608-000236,2026-08-11,BOOK-000236,Hardcover regional cookbook,Books,GW-001,BUY-CM-00031,1,17.86,0.00,0.00,1.14,16.72
CM-2608-000242,2026-08-11,BOOK-000242,Hardcover regional cookbook,Books,GW-004,BUY-CM-00207,1,15.28,5.39,0.00,1.27,19.40
CM-2608-000251,2026-08-11,BOOK-000251,"Mystery paperback lot, 6 books",Books,GW-001,BUY-CM-00130,1,18.63,5.85,0.00,1.45,23.03
CM-2608-000253,2026-08-11,BOOK-000253,Engineering reference manual,Books,GW-020,BUY-CM-00161,3,5.36,4.65,0.00,0.77,9.24
CM-2608-000336,2026-08-11,BOOK-000336,Engineering reference manual,Books,GW-004,BUY-CM-00195,1,15.66,6.83,0.00,1.36,21.13
CM-2608-000356,2026-08-11,BOOK-000356,Engineering reference manual,Books,GW-020,BUY-CM-00073,1,36.20,0.00,0.00,2.00,34.20
CM-2608-000362,2026-08-11,BOOK-000362,Hardcover regional cookbook,Books,GW-001,BUY-CM-00294,1,10.71,5.49,0.00,1.06,15.14
CM-2608-000370,2026-08-11,BOOK-000370,"Art history volume, dust jacket",Books,GW-023,BUY-CM-00256,1,5.31,5.78,0.00,0.82,10.27
CM-2608-000391,2026-08-11,BOOK-000391,Hardcover regional cookbook,Books,GW-022,BUY-CM-00266,1,21.92,5.47,0.00,1.59,25.80
CM-2608-000467,2026-08-11,BOOK-000467,Hardcover regional cookbook,Books,GW-018,BUY-CM-00059,1,20.92,6.64,0.00,1.60,25.96
CM-2608-000028,2026-08-12,BOOK-000028,Engineering reference manual,Books,GW-012,BUY-CM-00002,1,11.25,5.16,0.00,1.07,15.34
CM-2608-000069,2026-08-12,BOOK-000069,"Illustrated field guide, revised edition",Books,GW-009,BUY-CM-00049,1,33.29,5.85,0.00,2.14,37.00
CM-2608-000075,2026-08-12,BOOK-000075,"Mystery paperback lot, 6 books",Books,GW-020,BUY-CM-00123,3,5.43,7.47,0.00,0.91,11.99
CM-2608-000081,2026-08-12,BOOK-000081,"Mystery paperback lot, 6 books",Books,GW-015,BUY-CM-00111,1,7.00,7.13,0.00,0.96,13.17
CM-2608-000146,2026-08-12,BOOK-000146,Engineering reference manual,Books,GW-001,BUY-CM-00155,1,7.66,6.09,0.00,0.95,12.80
CM-2608-000165,2026-08-12,BOOK-000165,Hardcover regional cookbook,Books,GW-006,BUY-CM-00238,1,36.62,6.22,0.00,2.31,40.53
CM-2608-000192,2026-08-12,BOOK-000192,"Mystery paperback lot, 6 books",Books,GW-021,BUY-CM-00085,6,5.18,4.47,0.00,0.75,8.90
CM-2608-000214,2026-08-12,BOOK-000214,"Illustrated field guide, revised edition",Books,GW-020,BUY-CM-00145,1,20.43,7.03,0.00,1.59,25.87
CM-2608-000274,2026-08-12,BOOK-000274,"Mystery paperback lot, 6 books",Books,GW-024,BUY-CM-00258,3,9.87,4.03,0.00,0.95,12.95
CM-2608-000297,2026-08-12,BOOK-000297,"Art history volume, dust jacket",Books,GW-004,BUY-CM-00083,1,30.81,5.57,0.00,2.01,34.37
CM-2608-000307,2026-08-12,BOOK-000307,"Art history volume, dust jacket",Books,GW-001,BUY-CM-00049,2,96.16,6.49,0.00,5.12,97.53
CM-2608-000369,2026-08-12,BOOK-000369,"Illustrated field guide, revised edition",Books,GW-012,BUY-CM-00071,2,9.69,7.37,4.05,1.10,11.91
CM-2608-000396,2026-08-12,BOOK-000396,Hardcover regional cookbook,Books,GW-013,BUY-CM-00145,1,8.30,6.05,0.00,0.97,13.38
CM-2608-000423,2026-08-12,BOOK-000423,"Art history volume, dust jacket",Books,GW-021,BUY-CM-00265,1,6.79,6.87,0.00,0.94,12.72
CM-2608-000465,2026-08-12,BOOK-000465,"Art history volume, dust jacket",Books,GW-005,BUY-CM-00249,1,31.37,4.87,0.00,2.00,34.24
CM-2608-000050,2026-08-13,BOOK-000050,"Mystery paperback lot, 6 books",Books,GW-007,BUY-CM-00100,1,11.88,6.42,0.00,1.16,17.14
CM-2608-000064,2026-08-13,BOOK-000064,"Art history volume, dust jacket",Books,GW-017,BUY-CM-00307,3,46.02,0.00,0.00,2.46,43.56
CM-2608-000145,2026-08-13,BOOK-000145,Hardcover regional cookbook,Books,GW-013,BUY-CM-00087,1,13.59,0.00,0.00,0.94,12.65
CM-2608-000212,2026-08-13,BOOK-000212,Hardcover regional cookbook,Books,GW-008,BUY-CM-00083,1,4.65,5.52,0.00,0.78,9.39
CM-2608-000215,2026-08-13,BOOK-000215,Engineering reference manual,Books,GW-022,BUY-CM-00303,2,28.71,0.00,0.00,1.65,27.06
CM-2608-000232,2026-08-13,BOOK-000232,"Art history volume, dust jacket",Books,GW-003,BUY-CM-00294,1,16.89,6.87,0.00,1.42,22.34
CM-2608-000250,2026-08-13,BOOK-000250,"Art history volume, dust jacket",Books,GW-018,BUY-CM-00051,2,75.75,6.42,0.00,4.16,78.01
CM-2608-000271,2026-08-13,BOOK-000271,Hardcover regional cookbook,Books,GW-023,BUY-CM-00036,1,39.09,6.66,0.00,2.45,43.30
CM-2608-000276,2026-08-13,BOOK-000276,"Illustrated field guide, revised edition",Books,GW-020,BUY-CM-00003,2,16.50,6.92,0.00,1.40,22.02
CM-2608-000305,2026-08-13,BOOK-000305,"Mystery paperback lot, 6 books",Books,GW-017,BUY-CM-00269,1,19.79,6.03,0.00,1.51,24.31
CM-2608-000333,2026-08-13,BOOK-000333,Engineering reference manual,Books,GW-007,BUY-CM-00056,3,5.53,6.71,0.00,0.88,11.36
CM-2608-000337,2026-08-13,BOOK-000337,Engineering reference manual,Books,GW-023,BUY-CM-00130,1,16.17,7.18,0.00,1.40,21.95
CM-2608-000347,2026-08-13,BOOK-000347,Hardcover regional cookbook,Books,GW-009,BUY-CM-00298,1,11.29,5.93,0.00,1.11,16.11
CM-2608-000436,2026-08-13,BOOK-000436,"Mystery paperback lot, 6 books",Books,GW-012,BUY-CM-00228,1,17.71,6.38,0.00,1.43,22.66
CM-2608-000439,2026-08-13,BOOK-000439,"Mystery paperback lot, 6 books",Books,GW-016,BUY-CM-00296,1,20.24,6.93,0.00,1.58,25.59
CM-2608-000468,2026-08-13,BOOK-000468,Hardcover regional cookbook,Books,GW-015,BUY-CM-00210,1,18.09,4.38,18.09,1.36,3.02
CM-2608-000478,2026-08-13,BOOK-000478,"Illustrated field guide, revised edition",Books,GW-016,BUY-CM-00071,1,11.51,0.00,0.00,0.84,10.67
CM-2608-000021,2026-08-14,BOOK-000021,"Mystery paperback lot, 6 books",Books,GW-016,BUY-CM-00045,1,18.73,0.00,0.00,1.18,17.55
CM-2608-000036,2026-08-14,BOOK-000036,Hardcover regional cookbook,Books,GW-017,BUY-CM-00107,1,57.58,0.00,0.00,3.01,54.57
CM-2608-000057,2026-08-14,BOOK-000057,Engineering reference manual,Books,GW-022,BUY-CM-00158,1,27.79,6.75,0.00,1.92,32.62
CM-2608-000071,2026-08-14,BOOK-000071,Engineering reference manual,Books,GW-021,BUY-CM-00019,1,28.28,4.62,0.00,1.85,31.05
CM-2608-000104,2026-08-14,BOOK-000104,Hardcover regional cookbook,Books,GW-001,BUY-CM-00055,1,37.38,7.08,0.00,2.39,42.07
CM-2608-000110,2026-08-14,BOOK-000110,Engineering reference manual,Books,GW-010,BUY-CM-00042,1,10.43,0.00,0.00,0.79,9.64
CM-2608-000139,2026-08-14,BOOK-000139,Hardcover regional cookbook,Books,GW-010,BUY-CM-00099,1,15.33,6.66,0.00,1.33,20.66
CM-2608-000175,2026-08-14,BOOK-000175,"Art history volume, dust jacket",Books,GW-007,BUY-CM-00010,1,13.29,6.44,0.00,1.23,18.50
CM-2608-000188,2026-08-14,BOOK-000188,"Illustrated field guide, revised edition",Books,GW-006,BUY-CM-00216,1,21.62,4.69,0.00,1.54,24.77
CM-2608-000204,2026-08-14,BOOK-000204,Engineering reference manual,Books,GW-024,BUY-CM-00265,1,6.18,4.17,6.18,0.79,3.38
CM-2608-000218,2026-08-14,BOOK-000218,Hardcover regional cookbook,Books,GW-017,BUY-CM-00294,2,14.41,7.10,0.00,1.31,20.20
CM-2608-000312,2026-08-14,BOOK-000312,Engineering reference manual,Books,GW-015,BUY-CM-00006,1,32.05,5.78,0.00,2.08,35.75
CM-2608-000335,2026-08-14,BOOK-000335,"Illustrated field guide, revised edition",Books,GW-020,BUY-CM-00113,1,11.02,5.11,0.00,1.06,15.07
CM-2608-000352,2026-08-14,BOOK-000352,"Illustrated field guide, revised edition",Books,GW-017,BUY-CM-00146,1,44.96,5.47,0.00,2.67,47.76
CM-2608-000442,2026-08-14,BOOK-000442,Hardcover regional cookbook,Books,GW-017,BUY-CM-00208,1,32.86,6.43,0.00,2.15,37.14
CM-2608-000459,2026-08-14,BOOK-000459,"Mystery paperback lot, 6 books",Books,GW-024,BUY-CM-00059,1,17.12,6.09,0.00,1.39,21.82
CM-2608-000463,2026-08-14,BOOK-000463,"Mystery paperback lot, 6 books",Books,GW-010,BUY-CM-00057,1,11.66,5.55,0.00,1.11,16.10
CM-2608-000004,2026-08-15,BOOK-000004,"Art history volume, dust jacket",Books,GW-016,BUY-CM-00163,1,16.62,4.57,0.00,1.30,19.89
CM-2608-000035,2026-08-15,BOOK-000035,"Art history volume, dust jacket",Books,GW-011,BUY-CM-00273,1,27.92,4.67,0.00,1.83,30.76
CM-2608-000046,2026-08-15,BOOK-000046,"Illustrated field guide, revised edition",Books,GW-010,BUY-CM-00099,1,50.48,7.20,0.00,3.01,54.67
CM-2608-000102,2026-08-15,BOOK-000102,Engineering reference manual,Books,GW-012,BUY-CM-00307,1,11.14,7.37,11.14,1.17,6.20
CM-2608-000173,2026-08-15,BOOK-000173,"Illustrated field guide, revised edition",Books,GW-004,BUY-CM-00248,6,8.51,6.29,0.00,1.00,13.80
CM-2608-000241,2026-08-15,BOOK-000241,"Art history volume, dust jacket",Books,GW-012,BUY-CM-00153,1,13.26,6.35,0.00,1.22,18.39
CM-2608-000314,2026-08-15,BOOK-000314,"Illustrated field guide, revised edition",Books,GW-017,BUY-CM-00131,1,18.88,6.97,18.88,1.51,5.46
CM-2608-000399,2026-08-15,BOOK-000399,"Mystery paperback lot, 6 books",Books,GW-004,BUY-CM-00241,3,9.87,6.57,0.00,1.07,15.37
CM-2608-000412,2026-08-15,BOOK-000412,Engineering reference manual,Books,GW-017,BUY-CM-00092,2,11.96,4.75,0.00,1.09,15.62
CM-2608-000452,2026-08-15,BOOK-000452,Hardcover regional cookbook,Books,GW-023,BUY-CM-00138,1,25.19,0.00,0.00,1.48,23.71
CM-2608-000473,2026-08-15,BOOK-000473,"Illustrated field guide, revised edition",Books,GW-001,BUY-CM-00274,1,6.93,4.54,0.00,0.84,10.63
CM-2608-000003,2026-08-16,BOOK-000003,"Mystery paperback lot, 6 books",Books,GW-022,BUY-CM-00165,1,6.64,6.82,0.00,0.93,12.53
CM-2608-000043,2026-08-16,BOOK-000043,Engineering reference manual,Books,GW-022,BUY-CM-00219,1,23.21,5.93,0.00,1.67,27.47
CM-2608-000073,2026-08-16,BOOK-000073,"Mystery paperback lot, 6 books",Books,GW-008,BUY-CM-00026,1,15.85,6.46,0.00,1.35,20.96
CM-2608-000095,2026-08-16,BOOK-000095,Hardcover regional cookbook,Books,GW-022,BUY-CM-00171,3,7.40,4.31,0.00,0.85,10.86
CM-2608-000168,2026-08-16,BOOK-000168,Hardcover regional cookbook,Books,GW-004,BUY-CM-00077,2,13.38,5.84,0.00,1.20,18.02
CM-2608-000170,2026-08-16,BOOK-000170,Engineering reference manual,Books,GW-002,BUY-CM-00198,1,55.84,4.91,0.00,3.16,57.59
CM-2608-000179,2026-08-16,BOOK-000179,"Illustrated field guide, revised edition",Books,GW-013,BUY-CM-00060,1,19.29,5.28,0.00,1.45,23.12
CM-2608-000186,2026-08-16,BOOK-000186,"Illustrated field guide, revised edition",Books,GW-015,BUY-CM-00297,2,16.93,5.07,0.00,1.33,20.67
CM-2608-000208,2026-08-16,BOOK-000208,Hardcover regional cookbook,Books,GW-009,BUY-CM-00217,1,13.47,4.16,0.00,1.13,16.50
CM-2608-000217,2026-08-16,BOOK-000217,"Art history volume, dust jacket",Books,GW-007,BUY-CM-00306,1,16.15,7.02,0.00,1.39,21.78
CM-2608-000221,2026-08-16,BOOK-000221,"Mystery paperback lot, 6 books",Books,GW-001,BUY-CM-00080,1,9.40,7.27,0.00,1.08,15.59
CM-2608-000259,2026-08-16,BOOK-000259,"Mystery paperback lot, 6 books",Books,GW-004,BUY-CM-00276,2,7.94,4.40,0.00,0.88,11.46
CM-2608-000264,2026-08-16,BOOK-000264,"Art history volume, dust jacket",Books,GW-016,BUY-CM-00097,1,22.58,5.05,0.00,1.60,26.03
CM-2608-000364,2026-08-16,BOOK-000364,Engineering reference manual,Books,GW-005,BUY-CM-00239,1,11.54,5.25,0.00,1.09,15.70
CM-2608-000367,2026-08-16,BOOK-000367,"Mystery paperback lot, 6 books",Books,GW-003,BUY-CM-00155,1,11.12,6.02,4.92,1.11,11.11
CM-2608-000374,2026-08-16,BOOK-000374,"Illustrated field guide, revised edition",Books,GW-009,BUY-CM-00274,1,17.29,4.70,0.00,1.33,20.66
CM-2608-000402,2026-08-16,BOOK-000402,"Art history volume, dust jacket",Books,GW-001,BUY-CM-00152,1,24.12,0.00,0.00,1.43,22.69
CM-2608-000416,2026-08-16,BOOK-000416,"Art history volume, dust jacket",Books,GW-017,BUY-CM-00165,1,26.04,4.74,0.00,1.75,29.03
CM-2608-000418,2026-08-16,BOOK-000418,Engineering reference manual,Books,GW-017,BUY-CM-00122,1,6.27,5.71,0.00,0.86,11.12
CM-2608-000012,2026-08-17,BOOK-000012,"Art history volume, dust jacket",Books,GW-002,BUY-CM-00270,1,10.86,5.67,0.00,1.08,15.45
CM-2608-000025,2026-08-17,BOOK-000025,"Illustrated field guide, revised edition",Books,GW-021,BUY-CM-00257,1,13.04,4.55,0.00,1.13,16.46
CM-2608-000080,2026-08-17,BOOK-000080,Hardcover regional cookbook,Books,GW-011,BUY-CM-00251,1,21.65,5.94,0.00,1.60,25.99
CM-2608-000085,2026-08-17,BOOK-000085,Engineering reference manual,Books,GW-006,BUY-CM-00059,1,17.43,6.20,0.00,1.41,22.22
CM-2608-000115,2026-08-17,BOOK-000115,"Illustrated field guide, revised edition",Books,GW-021,BUY-CM-00251,1,40.40,6.27,0.00,2.49,44.18
CM-2608-000136,2026-08-17,BOOK-000136,"Mystery paperback lot, 6 books",Books,GW-006,BUY-CM-00267,1,24.19,7.06,0.00,1.77,29.48
CM-2608-000160,2026-08-17,BOOK-000160,Engineering reference manual,Books,GW-021,BUY-CM-00158,2,11.69,4.42,0.00,1.06,15.05
CM-2608-000257,2026-08-17,BOOK-000257,"Illustrated field guide, revised edition",Books,GW-020,BUY-CM-00056,1,13.11,6.76,0.00,1.23,18.64
CM-2608-000388,2026-08-17,BOOK-000388,"Illustrated field guide, revised edition",Books,GW-019,BUY-CM-00289,1,11.34,5.88,0.00,1.11,16.11
CM-2608-000410,2026-08-17,BOOK-000410,Engineering reference manual,Books,GW-014,BUY-CM-00003,1,23.69,7.25,0.00,1.75,29.19
CM-2608-000429,2026-08-17,BOOK-000429,Engineering reference manual,Books,GW-007,BUY-CM-00143,2,12.27,4.69,0.00,1.10,15.86
CM-2608-000469,2026-08-17,BOOK-000469,"Illustrated field guide, revised edition",Books,GW-024,BUY-CM-00274,2,14.97,6.24,0.00,1.30,19.91
CM-2608-000495,2026-08-17,BOOK-000495,Engineering reference manual,Books,GW-017,BUY-CM-00066,3,20.54,6.43,0.00,1.57,25.40
CM-2608-000498,2026-08-17,BOOK-000498,"Mystery paperback lot, 6 books",Books,GW-008,BUY-CM-00286,1,13.39,7.46,0.00,1.28,19.57
CM-2608-000013,2026-08-18,BOOK-000013,"Illustrated field guide, revised edition",Books,GW-012,BUY-CM-00237,3,18.81,7.37,0.00,1.53,24.65
CM-2608-000022,2026-08-18,BOOK-000022,Hardcover regional cookbook,Books,GW-009,BUY-CM-00272,1,7.59,4.06,0.00,0.85,10.80
CM-2608-000059,2026-08-18,BOOK-000059,"Mystery paperback lot, 6 books",Books,GW-020,BUY-CM-00226,1,29.32,7.48,0.00,2.03,34.77
CM-2608-000078,2026-08-18,BOOK-000078,"Illustrated field guide, revised edition",Books,GW-015,BUY-CM-00012,1,16.31,6.08,0.00,1.35,21.04
CM-2608-000103,2026-08-18,BOOK-000103,Hardcover regional cookbook,Books,GW-007,BUY-CM-00184,1,21.00,4.61,0.00,1.50,24.11
CM-2608-000131,2026-08-18,BOOK-000131,Hardcover regional cookbook,Books,GW-009,BUY-CM-00266,1,19.73,5.88,0.00,1.50,24.11
CM-2608-000189,2026-08-18,BOOK-000189,"Art history volume, dust jacket",Books,GW-017,BUY-CM-00216,1,39.09,6.35,0.00,2.44,43.00
CM-2608-000207,2026-08-18,BOOK-000207,"Mystery paperback lot, 6 books",Books,GW-010,BUY-CM-00014,1,14.68,5.74,0.00,1.26,19.16
CM-2608-000216,2026-08-18,BOOK-000216,Hardcover regional cookbook,Books,GW-018,BUY-CM-00076,1,23.55,4.92,0.00,1.64,26.83
CM-2608-000225,2026-08-18,BOOK-000225,Engineering reference manual,Books,GW-018,BUY-CM-00281,1,10.06,5.99,0.00,1.05,15.00
CM-2608-000226,2026-08-18,BOOK-000226,"Mystery paperback lot, 6 books",Books,GW-008,BUY-CM-00127,2,60.60,5.45,0.00,3.40,62.65
CM-2608-000267,2026-08-18,BOOK-000267,"Illustrated field guide, revised edition",Books,GW-001,BUY-CM-00160,1,19.94,7.02,0.00,1.57,25.39
CM-2608-000331,2026-08-18,BOOK-000331,Hardcover regional cookbook,Books,GW-016,BUY-CM-00027,1,9.50,5.60,9.50,1.01,4.59
CM-2608-000404,2026-08-18,BOOK-000404,"Illustrated field guide, revised edition",Books,GW-019,BUY-CM-00130,1,20.81,5.34,0.00,1.53,24.62
CM-2608-000450,2026-08-18,BOOK-000450,Hardcover regional cookbook,Books,GW-018,BUY-CM-00195,1,12.31,4.92,0.00,1.11,16.12
CM-2608-000477,2026-08-18,BOOK-000477,"Art history volume, dust jacket",Books,GW-018,BUY-CM-00233,3,15.55,0.00,0.00,1.03,14.52
CM-2608-000011,2026-08-19,BOOK-000011,"Mystery paperback lot, 6 books",Books,GW-002,BUY-CM-00075,1,14.77,6.56,0.00,1.30,20.03
CM-2608-000018,2026-08-19,BOOK-000018,"Mystery paperback lot, 6 books",Books,GW-001,BUY-CM-00240,1,6.34,6.52,0.00,0.90,11.96
CM-2608-000200,2026-08-19,BOOK-000200,Engineering reference manual,Books,GW-007,BUY-CM-00244,1,14.92,5.86,0.00,1.28,19.50
CM-2608-000238,2026-08-19,BOOK-000238,Hardcover regional cookbook,Books,GW-022,BUY-CM-00142,1,6.14,6.62,0.00,0.90,11.86
CM-2608-000252,2026-08-19,BOOK-000252,"Illustrated field guide, revised edition",Books,GW-024,BUY-CM-00233,1,13.83,6.65,0.00,1.26,19.22
CM-2608-000339,2026-08-19,BOOK-000339,"Illustrated field guide, revised edition",Books,GW-011,BUY-CM-00121,1,16.83,5.16,0.00,1.33,20.66
CM-2608-000455,2026-08-19,BOOK-000455,Hardcover regional cookbook,Books,GW-015,BUY-CM-00127,1,9.74,6.79,0.00,1.08,15.45
CM-2608-000005,2026-08-20,BOOK-000005,"Mystery paperback lot, 6 books",Books,GW-014,BUY-CM-00033,1,13.91,5.31,0.00,1.20,18.02
CM-2608-000042,2026-08-20,BOOK-000042,"Illustrated field guide, revised edition",Books,GW-002,BUY-CM-00092,1,10.75,5.47,0.00,1.06,15.16
CM-2608-000072,2026-08-20,BOOK-000072,"Art history volume, dust jacket",Books,GW-006,BUY-CM-00235,1,14.71,7.10,0.00,1.33,20.48
CM-2608-000084,2026-08-20,BOOK-000084,"Art history volume, dust jacket",Books,GW-006,BUY-CM-00185,1,13.37,4.41,0.00,1.14,16.64
CM-2608-000121,2026-08-20,BOOK-000121,Hardcover regional cookbook,Books,GW-008,BUY-CM-00160,1,39.20,5.67,0.00,2.41,42.46
CM-2608-000133,2026-08-20,BOOK-000133,Engineering reference manual,Books,GW-024,BUY-CM-00038,1,16.02,5.58,7.79,1.32,12.49
CM-2608-000141,2026-08-20,BOOK-000141,"Mystery paperback lot, 6 books",Books,GW-001,BUY-CM-00075,1,8.21,6.67,0.00,1.00,13.88
CM-2608-000166,2026-08-20,BOOK-000166,Engineering reference manual,Books,GW-005,BUY-CM-00281,1,8.48,0.00,0.00,0.70,7.78
CM-2608-000181,2026-08-20,BOOK-000181,Engineering reference manual,Books,GW-009,BUY-CM-00166,1,70.48,6.72,0.00,3.93,73.27
CM-2608-000209,2026-08-20,BOOK-000209,Engineering reference manual,Books,GW-016,BUY-CM-00309,1,15.55,6.77,0.00,1.35,20.97
CM-2608-000286,2026-08-20,BOOK-000286,"Art history volume, dust jacket",Books,GW-010,BUY-CM-00171,1,21.76,4.31,0.00,1.53,24.54
CM-2608-000290,2026-08-20,BOOK-000290,Engineering reference manual,Books,GW-001,BUY-CM-00291,1,3.86,5.53,0.00,0.74,8.65
CM-2608-000323,2026-08-20,BOOK-000323,"Art history volume, dust jacket",Books,GW-006,BUY-CM-00079,1,7.33,4.60,0.00,0.86,11.07
CM-2608-000490,2026-08-20,BOOK-000490,"Mystery paperback lot, 6 books",Books,GW-001,BUY-CM-00127,1,23.84,0.00,0.00,1.42,22.42
CM-2608-000031,2026-08-21,BOOK-000031,"Mystery paperback lot, 6 books",Books,GW-004,BUY-CM-00171,2,14.92,4.70,0.00,1.22,18.40
CM-2608-000153,2026-08-21,BOOK-000153,Hardcover regional cookbook,Books,GW-013,BUY-CM-00308,1,5.40,7.08,0.00,0.89,11.59
CM-2608-000164,2026-08-21,BOOK-000164,"Illustrated field guide, revised edition",Books,GW-008,BUY-CM-00083,1,43.16,6.13,0.00,2.62,46.67
CM-2608-000222,2026-08-21,BOOK-000222,"Mystery paperback lot, 6 books",Books,GW-006,BUY-CM-00294,1,43.76,5.11,0.00,2.60,46.27
CM-2608-000233,2026-08-21,BOOK-000233,"Illustrated field guide, revised edition",Books,GW-014,BUY-CM-00241,1,18.99,0.00,0.00,1.19,17.80
CM-2608-000272,2026-08-21,BOOK-000272,"Illustrated field guide, revised edition",Books,GW-004,BUY-CM-00130,1,24.74,6.27,0.00,1.76,29.25
CM-2608-000338,2026-08-21,BOOK-000338,"Illustrated field guide, revised edition",Books,GW-012,BUY-CM-00257,1,9.54,5.72,0.00,1.02,14.24
CM-2608-000346,2026-08-21,BOOK-000346,"Illustrated field guide, revised edition",Books,GW-001,BUY-CM-00184,1,49.82,6.43,0.00,2.94,53.31
CM-2608-000378,2026-08-21,BOOK-000378,Hardcover regional cookbook,Books,GW-012,BUY-CM-00159,1,41.40,6.46,0.00,2.55,45.31
CM-2608-000401,2026-08-21,BOOK-000401,"Art history volume, dust jacket",Books,GW-018,BUY-CM-00063,1,10.53,6.43,0.00,1.10,15.86
CM-2608-000486,2026-08-21,BOOK-000486,Engineering reference manual,Books,GW-007,BUY-CM-00151,1,14.65,6.29,0.00,1.28,19.66
CM-2608-000033,2026-08-22,BOOK-000033,Engineering reference manual,Books,GW-008,BUY-CM-00077,3,6.93,5.43,0.00,0.88,11.48
CM-2608-000051,2026-08-22,BOOK-000051,"Art history volume, dust jacket",Books,GW-006,BUY-CM-00114,1,40.90,5.76,0.00,2.49,44.17
CM-2608-000055,2026-08-22,BOOK-000055,Hardcover regional cookbook,Books,GW-023,BUY-CM-00059,2,35.02,4.12,0.00,2.14,37.00
CM-2608-000086,2026-08-22,BOOK-000086,"Mystery paperback lot, 6 books",Books,GW-009,BUY-CM-00112,1,19.12,5.27,0.00,1.45,22.94
CM-2608-000091,2026-08-22,BOOK-000091,"Art history volume, dust jacket",Books,GW-009,BUY-CM-00215,1,22.83,4.35,0.00,1.58,25.60
CM-2608-000126,2026-08-22,BOOK-000126,"Mystery paperback lot, 6 books",Books,GW-016,BUY-CM-00232,1,10.78,5.98,0.00,1.09,15.67
CM-2608-000130,2026-08-22,BOOK-000130,"Mystery paperback lot, 6 books",Books,GW-021,BUY-CM-00255,1,5.33,6.02,0.00,0.83,10.52
CM-2608-000135,2026-08-22,BOOK-000135,"Illustrated field guide, revised edition",Books,GW-024,BUY-CM-00214,1,18.84,5.52,0.00,1.44,22.92
CM-2608-000148,2026-08-22,BOOK-000148,Engineering reference manual,Books,GW-005,BUY-CM-00296,2,13.13,4.96,0.00,1.15,16.94
CM-2608-000156,2026-08-22,BOOK-000156,Engineering reference manual,Books,GW-007,BUY-CM-00254,1,10.65,0.00,0.00,0.80,9.85
CM-2608-000237,2026-08-22,BOOK-000237,"Mystery paperback lot, 6 books",Books,GW-006,BUY-CM-00108,1,22.93,0.00,0.00,1.38,21.55
CM-2608-000296,2026-08-22,BOOK-000296,"Art history volume, dust jacket",Books,GW-002,BUY-CM-00167,1,14.46,5.35,0.00,1.23,18.58
CM-2608-000309,2026-08-22,BOOK-000309,"Mystery paperback lot, 6 books",Books,GW-013,BUY-CM-00266,1,30.52,7.24,0.00,2.07,35.69
CM-2608-000311,2026-08-22,BOOK-000311,"Illustrated field guide, revised edition",Books,GW-019,BUY-CM-00017,1,15.39,4.90,0.00,1.25,19.04
CM-2608-000349,2026-08-22,BOOK-000349,"Mystery paperback lot, 6 books",Books,GW-017,BUY-CM-00223,2,24.44,6.04,0.00,1.73,28.75
CM-2608-000376,2026-08-22,BOOK-000376,"Illustrated field guide, revised edition",Books,GW-017,BUY-CM-00190,3,6.40,6.39,0.00,0.90,11.89
CM-2608-000383,2026-08-22,BOOK-000383,Engineering reference manual,Books,GW-006,BUY-CM-00112,1,12.20,5.83,0.00,1.15,16.88
CM-2608-000481,2026-08-22,BOOK-000481,"Illustrated field guide, revised edition",Books,GW-007,BUY-CM-00142,6,12.43,4.12,0.00,1.08,15.47
CM-2608-000001,2026-08-23,BOOK-000001,Engineering reference manual,Books,GW-003,BUY-CM-00214,1,53.19,6.00,0.00,3.08,56.11
CM-2608-000032,2026-08-23,BOOK-000032,Engineering reference manual,Books,GW-018,BUY-CM-00038,1,22.56,7.18,0.00,1.70,28.04
CM-2608-000074,2026-08-23,BOOK-000074,"Illustrated field guide, revised edition",Books,GW-021,BUY-CM-00277,1,7.14,4.02,0.00,0.82,10.34
CM-2608-000082,2026-08-23,BOOK-000082,"Illustrated field guide, revised edition",Books,GW-004,BUY-CM-00179,1,75.86,7.26,0.00,4.21,78.91
CM-2608-000111,2026-08-23,BOOK-000111,"Illustrated field guide, revised edition",Books,GW-008,BUY-CM-00118,1,3.49,5.74,0.00,0.73,8.50
CM-2608-000140,2026-08-23,BOOK-000140,"Art history volume, dust jacket",Books,GW-002,BUY-CM-00065,1,4.97,6.93,0.00,0.86,11.04
CM-2608-000144,2026-08-23,BOOK-000144,Engineering reference manual,Books,GW-007,BUY-CM-00012,1,28.14,6.55,0.00,1.93,32.76
CM-2608-000158,2026-08-23,BOOK-000158,"Art history volume, dust jacket",Books,GW-022,BUY-CM-00246,1,11.98,4.83,2.16,1.09,13.56
CM-2608-000177,2026-08-23,BOOK-000177,"Art history volume, dust jacket",Books,GW-010,BUY-CM-00267,1,18.48,6.89,0.00,1.49,23.88
CM-2608-000193,2026-08-23,BOOK-000193,Engineering reference manual,Books,GW-005,BUY-CM-00278,1,14.54,7.16,0.00,1.32,20.38
CM-2608-000230,2026-08-23,BOOK-000230,"Mystery paperback lot, 6 books",Books,GW-004,BUY-CM-00272,1,29.26,6.06,0.00,1.96,33.36
CM-2608-000231,2026-08-23,BOOK-000231,"Mystery paperback lot, 6 books",Books,GW-024,BUY-CM-00256,1,47.13,7.17,0.00,2.85,51.45
CM-2608-000248,2026-08-23,BOOK-000248,Hardcover regional cookbook,Books,GW-024,BUY-CM-00149,1,29.13,5.69,0.00,1.94,32.88
CM-2608-000254,2026-08-23,BOOK-000254,"Mystery paperback lot, 6 books",Books,GW-016,BUY-CM-00041,1,3.49,6.04,0.00,0.75,8.78
CM-2608-000260,2026-08-23,BOOK-000260,"Illustrated field guide, revised edition",Books,GW-015,BUY-CM-00286,1,14.93,6.33,0.00,1.30,19.96
CM-2608-000275,2026-08-23,BOOK-000275,"Art history volume, dust jacket",Books,GW-006,BUY-CM-00115,1,9.04,6.17,0.00,1.01,14.20
CM-2608-000287,2026-08-23,BOOK-000287,"Mystery paperback lot, 6 books",Books,GW-018,BUY-CM-00142,1,10.41,5.07,0.00,1.03,14.45
CM-2608-000301,2026-08-23,BOOK-000301,"Art history volume, dust jacket",Books,GW-020,BUY-CM-00104,1,17.95,4.20,0.00,1.34,20.81
CM-2608-000302,2026-08-23,BOOK-000302,Hardcover regional cookbook,Books,GW-006,BUY-CM-00246,3,14.60,4.57,0.00,1.20,17.97
CM-2608-000320,2026-08-23,BOOK-000320,"Illustrated field guide, revised edition",Books,GW-016,BUY-CM-00300,1,14.66,5.05,0.00,1.23,18.48
CM-2608-000382,2026-08-23,BOOK-000382,"Illustrated field guide, revised edition",Books,GW-023,BUY-CM-00244,1,22.99,5.04,0.00,1.62,26.41
CM-2608-000390,2026-08-23,BOOK-000390,"Illustrated field guide, revised edition",Books,GW-013,BUY-CM-00284,1,3.49,0.00,0.00,0.46,3.03
CM-2608-000409,2026-08-23,BOOK-000409,"Mystery paperback lot, 6 books",Books,GW-020,BUY-CM-00096,1,22.79,5.00,22.79,1.61,3.39
CM-2608-000444,2026-08-23,BOOK-000444,Engineering reference manual,Books,GW-024,BUY-CM-00011,1,36.44,4.27,0.00,2.21,38.50
CM-2608-000445,2026-08-23,BOOK-000445,"Mystery paperback lot, 6 books",Books,GW-006,BUY-CM-00223,3,24.00,4.47,0.00,1.64,26.83
CM-2608-000030,2026-08-24,BOOK-000030,"Mystery paperback lot, 6 books",Books,GW-008,BUY-CM-00012,1,16.29,0.00,0.00,1.07,15.22
CM-2608-000065,2026-08-24,BOOK-000065,Hardcover regional cookbook,Books,GW-021,BUY-CM-00294,1,37.70,5.99,0.00,2.35,41.34
CM-2608-000066,2026-08-24,BOOK-000066,Hardcover regional cookbook,Books,GW-007,BUY-CM-00114,1,8.47,4.14,0.00,0.89,11.72
CM-2608-000070,2026-08-24,BOOK-000070,"Illustrated field guide, revised edition",Books,GW-011,BUY-CM-00291,2,9.40,4.08,0.00,0.93,12.55
CM-2608-000076,2026-08-24,BOOK-000076,"Illustrated field guide, revised edition",Books,GW-004,BUY-CM-00016,1,16.20,4.90,0.00,1.29,19.81
CM-2608-000109,2026-08-24,BOOK-000109,Engineering reference manual,Books,GW-022,BUY-CM-00111,1,25.95,6.43,0.00,1.82,30.56
CM-2608-000132,2026-08-24,BOOK-000132,Hardcover regional cookbook,Books,GW-024,BUY-CM-00107,1,29.95,6.55,0.00,2.02,34.48
CM-2608-000180,2026-08-24,BOOK-000180,Engineering reference manual,Books,GW-016,BUY-CM-00020,1,20.75,5.66,0.00,1.54,24.87
CM-2608-000206,2026-08-24,BOOK-000206,"Mystery paperback lot, 6 books",Books,GW-002,BUY-CM-00084,1,16.14,5.00,2.84,1.29,17.01
CM-2608-000243,2026-08-24,BOOK-000243,"Art history volume, dust jacket",Books,GW-005,BUY-CM-00013,1,16.00,6.19,0.00,1.34,20.85
CM-2608-000255,2026-08-24,BOOK-000255,Engineering reference manual,Books,GW-001,BUY-CM-00299,1,4.87,5.84,0.00,0.80,9.91
CM-2608-000298,2026-08-24,BOOK-000298,"Mystery paperback lot, 6 books",Books,GW-015,BUY-CM-00048,1,19.04,4.81,0.00,1.42,22.43
CM-2608-000304,2026-08-24,BOOK-000304,"Mystery paperback lot, 6 books",Books,GW-012,BUY-CM-00057,1,28.22,6.18,0.00,1.92,32.48
CM-2608-000332,2026-08-24,BOOK-000332,"Illustrated field guide, revised edition",Books,GW-010,BUY-CM-00096,1,6.44,7.33,0.00,0.95,12.82
CM-2608-000377,2026-08-24,BOOK-000377,"Art history volume, dust jacket",Books,GW-023,BUY-CM-00025,2,10.58,4.38,0.00,1.00,13.96
CM-2608-000380,2026-08-24,BOOK-000380,"Art history volume, dust jacket",Books,GW-015,BUY-CM-00250,1,10.61,4.37,0.00,1.00,13.98
CM-2608-000408,2026-08-24,BOOK-000408,Engineering reference manual,Books,GW-011,BUY-CM-00003,1,11.12,5.92,0.00,1.10,15.94
CM-2608-000415,2026-08-24,BOOK-000415,"Illustrated field guide, revised edition",Books,GW-012,BUY-CM-00161,1,14.72,6.11,0.00,1.28,19.55
CM-2608-000484,2026-08-24,BOOK-000484,"Illustrated field guide, revised edition",Books,GW-012,BUY-CM-00238,1,18.06,7.24,0.00,1.49,23.81
CM-2608-000496,2026-08-24,BOOK-000496,Hardcover regional cookbook,Books,GW-001,BUY-CM-00023,1,9.47,6.20,0.00,1.04,14.63
CM-2608-000054,2026-08-25,BOOK-000054,Hardcover regional cookbook,Books,GW-009,BUY-CM-00077,1,26.50,6.35,0.00,1.84,31.01
CM-2608-000083,2026-08-25,BOOK-000083,"Art history volume, dust jacket",Books,GW-008,BUY-CM-00167,1,32.29,7.30,0.00,2.16,37.43
CM-2608-000088,2026-08-25,BOOK-000088,Hardcover regional cookbook,Books,GW-009,BUY-CM-00293,1,33.39,6.53,0.00,2.18,37.74
CM-2608-000100,2026-08-25,BOOK-000100,Hardcover regional cookbook,Books,GW-009,BUY-CM-00100,1,9.70,0.00,0.00,0.76,8.94
CM-2608-000108,2026-08-25,BOOK-000108,"Art history volume, dust jacket",Books,GW-017,BUY-CM-00142,1,20.25,5.54,0.00,1.51,24.28
CM-2608-000124,2026-08-25,BOOK-000124,Engineering reference manual,Books,GW-022,BUY-CM-00124,3,15.00,4.70,0.00,1.23,18.47
CM-2608-000155,2026-08-25,BOOK-000155,Engineering reference manual,Books,GW-011,BUY-CM-00293,1,19.20,6.52,0.00,1.51,24.21
CM-2608-000161,2026-08-25,BOOK-000161,"Mystery paperback lot, 6 books",Books,GW-012,BUY-CM-00040,1,7.51,6.80,0.00,0.97,13.34
CM-2608-000172,2026-08-25,BOOK-000172,"Illustrated field guide, revised edition",Books,GW-012,BUY-CM-00247,1,40.50,4.40,0.00,2.41,42.49
CM-2608-000262,2026-08-25,BOOK-000262,Engineering reference manual,Books,GW-020,BUY-CM-00053,2,21.40,6.05,0.00,1.59,25.86
CM-2608-000270,2026-08-25,BOOK-000270,"Art history volume, dust jacket",Books,GW-015,BUY-CM-00279,6,12.00,0.00,0.00,0.86,11.14
CM-2608-000441,2026-08-25,BOOK-000441,"Art history volume, dust jacket",Books,GW-020,BUY-CM-00221,1,15.42,5.86,5.50,1.30,14.48
CM-2608-000457,2026-08-25,BOOK-000457,"Art history volume, dust jacket",Books,GW-009,BUY-CM-00199,1,3.49,7.42,0.00,0.81,10.10
CM-2608-000002,2026-08-26,BOOK-000002,"Art history volume, dust jacket",Books,GW-012,BUY-CM-00245,6,8.96,4.10,0.00,0.91,12.15
CM-2608-000008,2026-08-26,BOOK-000008,"Art history volume, dust jacket",Books,GW-004,BUY-CM-00002,2,24.43,7.20,0.00,1.79,29.84
CM-2608-000047,2026-08-26,BOOK-000047,Hardcover regional cookbook,Books,GW-014,BUY-CM-00180,2,95.22,5.57,0.00,5.04,95.75
CM-2608-000090,2026-08-26,BOOK-000090,Hardcover regional cookbook,Books,GW-002,BUY-CM-00068,1,23.14,6.07,0.00,1.67,27.54
CM-2608-000094,2026-08-26,BOOK-000094,Engineering reference manual,Books,GW-008,BUY-CM-00238,1,7.06,5.40,0.00,0.89,11.57
CM-2608-000114,2026-08-26,BOOK-000114,"Illustrated field guide, revised edition",Books,GW-024,BUY-CM-00058,1,22.68,7.09,0.00,1.70,28.07
CM-2608-000123,2026-08-26,BOOK-000123,"Illustrated field guide, revised edition",Books,GW-021,BUY-CM-00020,1,7.97,6.52,0.00,0.98,13.51
CM-2608-000127,2026-08-26,BOOK-000127,Hardcover regional cookbook,Books,GW-008,BUY-CM-00026,1,23.92,0.00,0.00,1.42,22.50
CM-2608-000157,2026-08-26,BOOK-000157,"Illustrated field guide, revised edition",Books,GW-012,BUY-CM-00224,2,7.88,4.78,0.00,0.90,11.76
CM-2608-000183,2026-08-26,BOOK-000183,"Illustrated field guide, revised edition",Books,GW-004,BUY-CM-00276,1,20.79,5.32,0.00,1.53,24.58
CM-2608-000220,2026-08-26,BOOK-000220,Engineering reference manual,Books,GW-010,BUY-CM-00302,3,37.08,4.99,0.00,2.28,39.79
CM-2608-000227,2026-08-26,BOOK-000227,"Mystery paperback lot, 6 books",Books,GW-004,BUY-CM-00119,1,28.92,4.92,0.00,1.89,31.95
CM-2608-000245,2026-08-26,BOOK-000245,"Mystery paperback lot, 6 books",Books,GW-010,BUY-CM-00297,1,26.15,6.43,0.00,1.83,30.75
CM-2608-000246,2026-08-26,BOOK-000246,"Art history volume, dust jacket",Books,GW-024,BUY-CM-00001,1,7.22,4.41,0.00,0.85,10.78
CM-2608-000247,2026-08-26,BOOK-000247,"Illustrated field guide, revised edition",Books,GW-006,BUY-CM-00196,1,78.70,4.82,0.00,4.23,79.29
CM-2608-000322,2026-08-26,BOOK-000322,"Illustrated field guide, revised edition",Books,GW-006,BUY-CM-00011,1,29.23,6.80,0.00,1.99,34.04
CM-2608-000357,2026-08-26,BOOK-000357,"Illustrated field guide, revised edition",Books,GW-004,BUY-CM-00177,1,21.16,6.87,0.00,1.62,26.41
CM-2608-000392,2026-08-26,BOOK-000392,Hardcover regional cookbook,Books,GW-016,BUY-CM-00204,2,11.76,7.04,0.00,1.18,17.62
CM-2608-000400,2026-08-26,BOOK-000400,Engineering reference manual,Books,GW-006,BUY-CM-00080,3,20.38,4.83,0.00,1.48,23.73
CM-2608-000403,2026-08-26,BOOK-000403,"Mystery paperback lot, 6 books",Books,GW-015,BUY-CM-00174,1,5.02,6.64,0.00,0.85,10.81
CM-2608-000420,2026-08-26,BOOK-000420,Engineering reference manual,Books,GW-024,BUY-CM-00142,6,28.58,6.26,0.00,1.94,32.90
CM-2608-000488,2026-08-26,BOOK-000488,"Mystery paperback lot, 6 books",Books,GW-015,BUY-CM-00241,1,8.99,6.87,0.00,1.05,14.81
CM-2608-000007,2026-08-27,BOOK-000007,Hardcover regional cookbook,Books,GW-002,BUY-CM-00286,1,7.21,5.92,0.00,0.92,12.21
CM-2608-000015,2026-08-27,BOOK-000015,Engineering reference manual,Books,GW-017,BUY-CM-00059,1,30.90,7.09,0.00,2.09,35.90
CM-2608-000016,2026-08-27,BOOK-000016,"Illustrated field guide, revised edition",Books,GW-017,BUY-CM-00234,1,11.56,4.76,0.00,1.07,15.25
CM-2608-000044,2026-08-27,BOOK-000044,Engineering reference manual,Books,GW-020,BUY-CM-00237,3,17.29,6.90,0.00,1.44,22.75
CM-2608-000049,2026-08-27,BOOK-000049,"Illustrated field guide, revised edition",Books,GW-001,BUY-CM-00076,1,46.05,7.11,0.00,2.80,50.36
CM-2608-000119,2026-08-27,BOOK-000119,Engineering reference manual,Books,GW-001,BUY-CM-00010,1,8.35,5.07,0.00,0.93,12.49
CM-2608-000151,2026-08-27,BOOK-000151,Hardcover regional cookbook,Books,GW-016,BUY-CM-00238,1,13.44,7.33,0.00,1.28,19.49
CM-2608-000174,2026-08-27,BOOK-000174,Engineering reference manual,Books,GW-020,BUY-CM-00303,1,24.05,6.44,0.00,1.73,28.76
CM-2608-000187,2026-08-27,BOOK-000187,"Mystery paperback lot, 6 books",Books,GW-013,BUY-CM-00068,6,24.20,4.84,0.00,1.66,27.38
CM-2608-000235,2026-08-27,BOOK-000235,"Illustrated field guide, revised edition",Books,GW-003,BUY-CM-00167,6,35.12,6.15,0.00,2.24,39.03
CM-2608-000240,2026-08-27,BOOK-000240,"Art history volume, dust jacket",Books,GW-010,BUY-CM-00104,1,13.80,5.99,0.00,1.23,18.56
CM-2608-000279,2026-08-27,BOOK-000279,Hardcover regional cookbook,Books,GW-008,BUY-CM-00217,1,25.07,4.72,0.00,1.70,28.09
CM-2608-000289,2026-08-27,BOOK-000289,Hardcover regional cookbook,Books,GW-020,BUY-CM-00164,1,8.54,7.02,0.00,1.03,14.53
CM-2608-000315,2026-08-27,BOOK-000315,"Illustrated field guide, revised edition",Books,GW-004,BUY-CM-00265,1,6.31,4.43,0.00,0.80,9.94
CM-2608-000318,2026-08-27,BOOK-000318,Engineering reference manual,Books,GW-001,BUY-CM-00100,1,81.73,6.79,0.00,4.46,84.06
CM-2608-000341,2026-08-27,BOOK-000341,"Illustrated field guide, revised edition",Books,GW-022,BUY-CM-00004,1,12.69,5.15,0.00,1.14,16.70
CM-2608-000350,2026-08-27,BOOK-000350,Engineering reference manual,Books,GW-009,BUY-CM-00244,1,11.52,5.39,0.00,1.09,15.82
CM-2608-000353,2026-08-27,BOOK-000353,"Art history volume, dust jacket",Books,GW-015,BUY-CM-00127,3,17.68,0.00,0.00,1.13,16.55
CM-2608-000379,2026-08-27,BOOK-000379,"Art history volume, dust jacket",Books,GW-002,BUY-CM-00130,1,24.08,7.12,0.00,1.77,29.43
CM-2608-000438,2026-08-27,BOOK-000438,Hardcover regional cookbook,Books,GW-015,BUY-CM-00237,2,13.18,7.39,0.00,1.27,19.30
CM-2608-000443,2026-08-27,BOOK-000443,"Art history volume, dust jacket",Books,GW-004,BUY-CM-00027,1,13.13,5.59,0.00,1.18,17.54
CM-2608-000448,2026-08-27,BOOK-000448,"Art history volume, dust jacket",Books,GW-002,BUY-CM-00084,6,28.83,7.15,0.00,1.99,33.99
CM-2608-000471,2026-08-27,BOOK-000471,Hardcover regional cookbook,Books,GW-009,BUY-CM-00197,1,29.04,4.46,0.00,1.87,31.63
CM-2608-000475,2026-08-27,BOOK-000475,"Mystery paperback lot, 6 books",Books,GW-012,BUY-CM-00132,1,28.47,4.96,0.00,1.87,31.56
CM-2608-000485,2026-08-27,BOOK-000485,"Illustrated field guide, revised edition",Books,GW-008,BUY-CM-00112,3,33.46,7.03,0.00,2.20,38.29
CM-2608-000077,2026-08-28,BOOK-000077,"Mystery paperback lot, 6 books",Books,GW-015,BUY-CM-00285,1,5.75,6.00,0.00,0.85,10.90
CM-2608-000099,2026-08-28,BOOK-000099,Engineering reference manual,Books,GW-006,BUY-CM-00233,1,30.88,0.00,0.00,1.75,29.13
CM-2608-000143,2026-08-28,BOOK-000143,"Mystery paperback lot, 6 books",Books,GW-011,BUY-CM-00209,1,20.72,4.85,0.00,1.50,24.07
CM-2608-000191,2026-08-28,BOOK-000191,"Art history volume, dust jacket",Books,GW-011,BUY-CM-00017,1,20.59,4.09,0.00,1.46,23.22
CM-2608-000203,2026-08-28,BOOK-000203,"Mystery paperback lot, 6 books",Books,GW-020,BUY-CM-00055,1,5.58,4.90,0.00,0.79,9.69
CM-2608-000299,2026-08-28,BOOK-000299,Hardcover regional cookbook,Books,GW-013,BUY-CM-00034,6,21.17,4.32,0.00,1.50,23.99
CM-2608-000310,2026-08-28,BOOK-000310,"Art history volume, dust jacket",Books,GW-002,BUY-CM-00159,2,77.07,6.18,0.00,4.21,79.04
CM-2608-000355,2026-08-28,BOOK-000355,"Mystery paperback lot, 6 books",Books,GW-024,BUY-CM-00148,1,21.90,0.00,0.00,1.33,20.57
CM-2608-000381,2026-08-28,BOOK-000381,Hardcover regional cookbook,Books,GW-007,BUY-CM-00298,3,22.42,4.24,0.00,1.55,25.11
CM-2608-000411,2026-08-28,BOOK-000411,"Illustrated field guide, revised edition",Books,GW-013,BUY-CM-00133,1,51.90,0.00,0.00,2.74,49.16
CM-2608-000470,2026-08-28,BOOK-000470,Hardcover regional cookbook,Books,GW-003,BUY-CM-00142,1,15.03,6.28,0.00,1.30,20.01
CM-2608-000483,2026-08-28,BOOK-000483,Hardcover regional cookbook,Books,GW-004,BUY-CM-00113,1,24.87,4.16,0.00,1.66,27.37
CM-2608-000034,2026-08-29,BOOK-000034,"Art history volume, dust jacket",Books,GW-012,BUY-CM-00122,1,11.91,7.15,0.00,1.20,17.86
CM-2608-000092,2026-08-29,BOOK-000092,"Mystery paperback lot, 6 books",Books,GW-012,BUY-CM-00032,3,13.07,4.05,0.00,1.10,16.02
CM-2608-000098,2026-08-29,BOOK-000098,"Art history volume, dust jacket",Books,GW-007,BUY-CM-00072,1,29.68,0.00,0.00,1.69,27.99
CM-2608-000106,2026-08-29,BOOK-000106,"Art history volume, dust jacket",Books,GW-007,BUY-CM-00064,1,11.96,0.00,0.00,0.86,11.10
CM-2608-000107,2026-08-29,BOOK-000107,"Mystery paperback lot, 6 books",Books,GW-009,BUY-CM-00031,1,38.74,5.45,0.00,2.38,41.81
CM-2608-000167,2026-08-29,BOOK-000167,Hardcover regional cookbook,Books,GW-023,BUY-CM-00296,1,6.69,0.00,0.00,0.61,6.08
CM-2608-000197,2026-08-29,BOOK-000197,"Art history volume, dust jacket",Books,GW-014,BUY-CM-00082,1,6.31,0.00,0.00,0.60,5.71
CM-2608-000213,2026-08-29,BOOK-000213,"Art history volume, dust jacket",Books,GW-024,BUY-CM-00231,3,30.66,4.80,0.00,1.97,33.49
CM-2608-000269,2026-08-29,BOOK-000269,Hardcover regional cookbook,Books,GW-015,BUY-CM-00171,1,28.09,4.50,0.00,1.83,30.76
CM-2608-000273,2026-08-29,BOOK-000273,Engineering reference manual,Books,GW-004,BUY-CM-00208,1,18.54,5.15,18.54,1.41,3.74
CM-2608-000308,2026-08-29,BOOK-000308,Hardcover regional cookbook,Books,GW-009,BUY-CM-00101,1,20.43,6.89,0.00,1.58,25.74
CM-2608-000340,2026-08-29,BOOK-000340,"Mystery paperback lot, 6 books",Books,GW-023,BUY-CM-00131,1,21.00,0.00,0.00,1.29,19.71
CM-2608-000354,2026-08-29,BOOK-000354,"Mystery paperback lot, 6 books",Books,GW-011,BUY-CM-00198,1,20.42,0.00,0.00,1.26,19.16
CM-2608-000373,2026-08-29,BOOK-000373,"Mystery paperback lot, 6 books",Books,GW-011,BUY-CM-00097,1,13.38,7.18,0.00,1.27,19.29
CM-2608-000413,2026-08-29,BOOK-000413,"Mystery paperback lot, 6 books",Books,GW-022,BUY-CM-00153,1,40.48,5.34,0.00,2.45,43.37
CM-2608-000425,2026-08-29,BOOK-000425,"Art history volume, dust jacket",Books,GW-024,BUY-CM-00158,1,7.50,5.42,0.00,0.91,12.01
CM-2608-000426,2026-08-29,BOOK-000426,Hardcover regional cookbook,Books,GW-008,BUY-CM-00210,1,19.54,4.38,0.00,1.42,22.50
CM-2608-000480,2026-08-29,BOOK-000480,Hardcover regional cookbook,Books,GW-005,BUY-CM-00036,1,5.64,6.28,0.00,0.86,11.06
CM-2608-000482,2026-08-29,BOOK-000482,"Mystery paperback lot, 6 books",Books,GW-020,BUY-CM-00091,1,49.73,7.34,0.00,2.98,54.09
CM-2608-000494,2026-08-29,BOOK-000494,"Illustrated field guide, revised edition",Books,GW-006,BUY-CM-00123,1,27.12,4.35,0.00,1.78,29.69
CM-2608-000020,2026-08-30,BOOK-000020,"Mystery paperback lot, 6 books",Books,GW-008,BUY-CM-00053,1,12.40,6.26,0.00,1.18,17.48
CM-2608-000027,2026-08-30,BOOK-000027,"Art history volume, dust jacket",Books,GW-003,BUY-CM-00004,1,6.99,5.29,0.00,0.88,11.40
CM-2608-000037,2026-08-30,BOOK-000037,Engineering reference manual,Books,GW-001,BUY-CM-00186,3,15.01,0.00,0.00,1.01,14.00
CM-2608-000041,2026-08-30,BOOK-000041,"Art history volume, dust jacket",Books,GW-008,BUY-CM-00263,1,13.33,7.48,0.00,1.28,19.53
CM-2608-000053,2026-08-30,BOOK-000053,"Mystery paperback lot, 6 books",Books,GW-009,BUY-CM-00285,1,11.50,4.99,0.00,1.08,15.41
CM-2608-000062,2026-08-30,BOOK-000062,"Mystery paperback lot, 6 books",Books,GW-021,BUY-CM-00191,1,34.97,4.63,0.00,2.16,37.44
CM-2608-000067,2026-08-30,BOOK-000067,Hardcover regional cookbook,Books,GW-009,BUY-CM-00100,6,10.57,0.00,0.00,0.80,9.77
CM-2608-000159,2026-08-30,BOOK-000159,"Mystery paperback lot, 6 books",Books,GW-003,BUY-CM-00138,1,12.00,6.93,0.00,1.19,17.74
CM-2608-000162,2026-08-30,BOOK-000162,Hardcover regional cookbook,Books,GW-024,BUY-CM-00100,2,8.50,4.84,0.00,0.93,12.41
CM-2608-000194,2026-08-30,BOOK-000194,Hardcover regional cookbook,Books,GW-017,BUY-CM-00001,1,28.78,4.12,0.00,1.85,31.05
CM-2608-000201,2026-08-30,BOOK-000201,Engineering reference manual,Books,GW-002,BUY-CM-00228,1,22.13,7.00,0.00,1.67,27.46
CM-2608-000266,2026-08-30,BOOK-000266,"Art history volume, dust jacket",Books,GW-017,BUY-CM-00259,1,12.13,4.39,0.00,1.08,15.44
CM-2608-000268,2026-08-30,BOOK-000268,Engineering reference manual,Books,GW-020,BUY-CM-00156,2,50.85,4.37,0.00,2.90,52.32
CM-2608-000284,2026-08-30,BOOK-000284,Hardcover regional cookbook,Books,GW-010,BUY-CM-00093,1,9.11,0.00,0.00,0.73,8.38
CM-2608-000295,2026-08-30,BOOK-000295,"Mystery paperback lot, 6 books",Books,GW-012,BUY-CM-00153,2,17.32,5.37,0.00,1.37,21.32
CM-2608-000324,2026-08-30,BOOK-000324,"Mystery paperback lot, 6 books",Books,GW-017,BUY-CM-00017,2,36.47,4.20,0.00,2.21,38.46
CM-2608-000328,2026-08-30,BOOK-000328,"Mystery paperback lot, 6 books",Books,GW-019,BUY-CM-00255,1,29.87,6.81,0.00,2.02,34.66
CM-2608-000351,2026-08-30,BOOK-000351,"Mystery paperback lot, 6 books",Books,GW-015,BUY-CM-00179,3,9.10,6.68,0.00,1.04,14.74
CM-2608-000395,2026-08-30,BOOK-000395,"Illustrated field guide, revised edition",Books,GW-018,BUY-CM-00250,2,49.22,6.31,0.00,2.91,52.62
CM-2608-000430,2026-08-30,BOOK-000430,"Illustrated field guide, revised edition",Books,GW-007,BUY-CM-00095,3,33.95,7.35,0.00,2.24,39.06
CM-2608-000487,2026-08-30,BOOK-000487,Hardcover regional cookbook,Books,GW-001,BUY-CM-00235,1,29.25,0.00,10.42,1.67,17.16
CM-2608-000489,2026-08-30,BOOK-000489,"Illustrated field guide, revised edition",Books,GW-013,BUY-CM-00005,1,19.60,5.02,0.00,1.46,23.16
CM-2608-000500,2026-08-30,BOOK-000500,"Illustrated field guide, revised edition",Books,GW-020,BUY-CM-00204,1,11.42,4.34,0.00,1.04,14.72
CM-2608-000105,2026-08-31,BOOK-000105,Hardcover regional cookbook,Books,GW-017,BUY-CM-00180,1,23.07,6.22,0.00,1.68,27.61
CM-2608-000128,2026-08-31,BOOK-000128,Hardcover regional cookbook,Books,GW-021,BUY-CM-00209,1,23.78,6.93,0.00,1.74,28.97
CM-2608-000138,2026-08-31,BOOK-000138,Engineering reference manual,Books,GW-018,BUY-CM-00196,1,34.73,5.74,0.00,2.20,38.27
CM-2608-000184,2026-08-31,BOOK-000184,"Art history volume, dust jacket",Books,GW-017,BUY-CM-00255,2,59.57,7.14,0.00,3.44,63.27
CM-2608-000196,2026-08-31,BOOK-000196,Engineering reference manual,Books,GW-018,BUY-CM-00297,1,19.36,7.13,0.00,1.55,24.94
CM-2608-000198,2026-08-31,BOOK-000198,"Illustrated field guide, revised edition",Books,GW-024,BUY-CM-00070,1,38.01,6.72,0.00,2.40,42.33
CM-2608-000211,2026-08-31,BOOK-000211,"Illustrated field guide, revised edition",Books,GW-017,BUY-CM-00265,1,22.03,5.87,0.00,1.61,26.29
CM-2608-000261,2026-08-31,BOOK-000261,"Mystery paperback lot, 6 books",Books,GW-012,BUY-CM-00202,1,7.78,5.59,0.00,0.93,12.44
CM-2608-000288,2026-08-31,BOOK-000288,Hardcover regional cookbook,Books,GW-008,BUY-CM-00162,3,52.19,6.43,0.00,3.06,55.56
CM-2608-000319,2026-08-31,BOOK-000319,"Illustrated field guide, revised edition",Books,GW-012,BUY-CM-00165,3,20.68,6.47,0.00,1.58,25.57
CM-2608-000360,2026-08-31,BOOK-000360,"Mystery paperback lot, 6 books",Books,GW-004,BUY-CM-00203,3,19.75,7.46,0.00,1.58,25.63
CM-2608-000446,2026-08-31,BOOK-000446,Engineering reference manual,Books,GW-023,BUY-CM-00150,1,15.90,6.45,0.00,1.35,21.00
CM-2608-000460,2026-08-31,BOOK-000460,Hardcover regional cookbook,Books,GW-021,BUY-CM-00096,1,19.14,4.51,0.00,1.41,22.24
CM-2608-000464,2026-08-31,BOOK-000464,"Illustrated field guide, revised edition",Books,GW-020,BUY-CM-00309,1,23.79,7.47,0.00,1.77,29.49
CM-2608-000492,2026-08-31,BOOK-000492,"Illustrated field guide, revised edition",Books,GW-001,BUY-CM-00073,1,47.85,6.23,0.00,2.84,51.24
