paid_order_id,paid_at,item_id,store_id,channel,buyer_id,item_title,category,gross_sales,shipping_collected,sales_tax,marketplace_fee,refund_amount,net_sales
UP-2608-0101,2026-08-01T09:18:00,ITM-71001,GW-001,Upright,BUY-UP-2101,Wireless headphones,Electronics,44.00,7.95,3.30,4.12,0.00,51.95
UP-2608-0102,2026-08-02T14:42:00,ITM-71002,GW-009,Upright,BUY-UP-2102,Leather tote bag,Accessories,62.50,8.50,5.10,5.28,0.00,71.00
UP-2608-0103,2026-08-04T16:11:00,ITM-71003,GW-017,Upright,BUY-UP-2103,Ceramic dinnerware set,Home,38.75,10.25,3.92,3.87,0.00,49.00
UP-2608-0104,2026-08-07T11:05:00,ITM-71004,GW-005,Upright,,Vintage lamp,Home,54.20,12.00,5.29,5.02,0.00,66.20
UP-2608-0105,2026-08-08T13:27:00,ITM-71005,GW-013,Upright,BUY-UP-2105,Nintendo DS bundle,Electronics,95.00,9.85,8.39,8.91,0.00,104.85
UP-2608-0106,2026-08-10T10:33:00,ITM-71006,GW-020,Upright,BUY-UP-2106,Designer scarf,Apparel,28.40,4.95,2.67,2.74,0.00,33.35
UP-2608-0107,2026-08-14T17:56:00,ITM-71007,GW-008,Upright,BUY-UP-2107,Camera lens,Electronics,121.00,9.95,10.48,11.35,0.00,130.95
UP-2608-0108,2026-08-18T08:49:00,ITM-71008,GW-011,Upright,BUY-UP-2108,Tool set,Tools,46.90,11.40,4.66,4.44,0.00,58.30
UP-2608-0109,2026-08-23T15:21:00,ITM-71009,GW-016,Upright,BUY-UP-2109,Collectible figurine,Collectibles,73.30,6.95,6.42,6.75,12.00,68.25
UP-2608-0110,2026-08-30T12:07:00,ITM-71010,GW-024,Upright,BUY-UP-2110,Portable speaker,Electronics,39.99,6.50,3.72,3.56,0.00,46.49
