invoice_id,transaction_id,ship_date,order_id,charge_type,vendor_id,gl_account,department,charge_amount,refund_amount,net_amount,bc_deposit_id
FDX-2608-41,FDX-TX-4001,2026-08-02,SGW-2608-1002,Shipping,V00122,40356,180,18.72,0.00,18.72,BNKDEPOSIT-2608-01
FDX-2608-41,FDX-TX-4002,2026-08-03,UP-2608-0103,Shipping,V00122,40356,180,22.14,0.00,22.14,BNKDEPOSIT-2608-01
FDX-2608-42,FDX-TX-4003,2026-08-05,EB-2608-5003,Shipping,V00122,40356,180,16.48,0.00,16.48,BNKDEPOSIT-2608-01
FDX-2608-42,FDX-TX-4004,2026-08-07,AMZ-2608-7004,Shipping,V00122,40356,180,24.90,5.10,19.80,BNKDEPOSIT-2608-01
FDX-2608-43,FDX-TX-4005,2026-08-11,SGW-2608-1005,Shipping,V00122,40356,180,19.25,0.00,19.25,BNKDEPOSIT-2608-02
FDX-2608-43,FDX-TX-4006,2026-08-13,UP-2608-0107,Shipping,V00122,40356,180,31.40,0.00,31.40,BNKDEPOSIT-2608-02
FDX-2608-44,FDX-TX-4007,2026-08-18,EB-2608-5008,Shipping,V00122,40356,180,14.66,2.20,12.46,BNKDEPOSIT-2608-02
FDX-2608-44,FDX-TX-4008,2026-08-21,AMZ-2608-7009,Shipping,V00122,40356,180,26.78,0.00,26.78,BNKDEPOSIT-2608-03
FDX-2608-45,FDX-TX-4009,2026-08-26,SGW-2608-1009,Shipping,V00122,40356,180,17.95,0.00,17.95,BNKDEPOSIT-2608-03
FDX-2608-45,FDX-TX-4010,2026-08-30,UP-2608-0110,Shipping,V00122,40356,180,20.30,4.00,16.30,BNKDEPOSIT-2608-03
