statement_id,statement_month,payment_date,order_id,isbn,store_id,buyer_id,gross_sales,marketplace_fee,shipping_credit,refund_amount,net_payout
GWB-STMT-2608,2026-08,2026-09-03,GWB-2608-6001,9780000001011,GW-004,BUY-GWB-4001,12.95,1.94,3.99,0.00,14.99
GWB-STMT-2608,2026-08,2026-09-03,GWB-2608-6002,9780000001028,GW-012,BUY-GWB-4002,24.50,3.68,4.49,0.00,25.31
GWB-STMT-2608,2026-08,2026-09-03,GWB-2608-6003,9780000001035,GW-007,BUY-GWB-4003,18.00,2.70,3.99,0.00,19.29
GWB-STMT-2608,2026-08,2026-09-03,GWB-2608-6004,9780000001042,GW-003,BUY-GWB-4004,39.95,5.99,5.99,0.00,39.95
GWB-STMT-2608,2026-08,2026-09-03,GWB-2608-6005,9780000001059,GW-018,BUY-GWB-4005,29.75,4.46,4.99,6.00,24.28
GWB-STMT-2608,2026-08,2026-09-03,GWB-2608-6006,9780000001066,GW-021,BUY-GWB-4006,16.80,2.52,3.99,0.00,18.27
GWB-STMT-2608,2026-08,2026-09-03,GWB-2608-6007,9780000001073,GW-010,BUY-GWB-4007,33.40,5.01,5.49,0.00,33.88
GWB-STMT-2608,2026-08,2026-09-03,GWB-2608-6008,9780000001080,GW-002,BUY-GWB-4008,21.25,3.19,4.49,0.00,22.55
GWB-STMT-2608,2026-08,2026-09-03,GWB-2608-6009,9780000001097,GW-015,BUY-GWB-4009,14.60,2.19,3.99,0.00,16.40
GWB-STMT-2608,2026-08,2026-09-03,GWB-2608-6010,9780000001103,GW-006,BUY-GWB-4010,27.10,4.07,4.99,0.00,28.02
