transaction_id,sale_date,listing_id,item_id,store_id,buyer_id,category,quantity,sale_amount,shipping_paid,tax_collected,ebay_fee,refund_amount,payout_amount,relisted
EB-2608-5001,2026-08-01,EB-LST-9001,EB-ITM-9001,GW-005,BUY-EB-5001,Electronics,1,58.00,8.95,5.36,7.12,0.00,59.83,false
EB-2608-5002,2026-08-02,EB-LST-9002,EB-ITM-9002,GW-009,BUY-EB-5002,Apparel,1,24.99,5.50,2.44,3.11,0.00,27.38,false
EB-2608-5003,2026-08-05,EB-LST-9003,EB-ITM-9003,GW-014,BUY-EB-5003,Collectibles,1,88.50,7.25,7.66,10.24,0.00,85.51,false
EB-2608-5004,2026-08-06,EB-LST-9004,EB-ITM-9004,GW-002,BUY-EB-5004,Home,1,35.40,10.10,3.64,4.41,0.00,41.09,false
EB-2608-5005,2026-08-09,EB-LST-9005,EB-ITM-9005,GW-018,BUY-EB-5005,Tools,1,47.75,9.00,4.54,5.68,0.00,51.07,false
EB-2608-5006,2026-08-13,EB-LST-9006,EB-ITM-9006,GW-021,BUY-EB-5006,Books,2,19.90,5.95,2.07,2.42,0.00,23.43,false
EB-2608-5007,2026-08-14,EB-LST-9007,EB-ITM-9007,GW-008,BUY-EB-5007,Sporting Goods,1,73.20,12.40,6.85,8.62,0.00,76.98,false
EB-2608-5008,2026-08-18,EB-LST-9008,EB-ITM-9008,GW-011,BUY-EB-5008,Electronics,1,112.00,9.95,9.76,13.50,20.00,88.45,true
EB-2608-5009,2026-08-23,EB-LST-9009,EB-ITM-9009,GW-016,BUY-EB-5009,Collectibles,1,64.25,8.45,5.82,7.21,0.00,65.49,false
EB-2608-5010,2026-08-30,EB-LST-9010,EB-ITM-9010,GW-024,BUY-EB-5010,Jewelry,1,149.99,7.95,12.64,17.32,0.00,140.62,false
