settlement_id,posted_date,amazon_order_id,sku,store_id,buyer_region,product_sales,shipping_credits,promo_rebates,selling_fees,fba_or_shipping_fees,refunds,net_proceeds
AMZ-SET-2608-A,2026-08-01,AMZ-2608-7001,AMZ-SKU-3001,GW-003,IN,31.99,4.99,0.00,4.80,5.15,0.00,27.03
AMZ-SET-2608-A,2026-08-02,AMZ-2608-7002,AMZ-SKU-3002,GW-006,MI,45.50,5.99,0.00,6.83,6.10,0.00,38.56
AMZ-SET-2608-A,2026-08-03,AMZ-2608-7003,AMZ-SKU-3003,GW-012,IL,22.75,3.99,1.50,3.41,4.80,0.00,17.03
AMZ-SET-2608-A,2026-08-07,AMZ-2608-7004,AMZ-SKU-3004,GW-019,OH,79.00,7.25,0.00,11.85,8.20,0.00,66.20
AMZ-SET-2608-B,2026-08-09,AMZ-2608-7005,AMZ-SKU-3005,GW-001,IN,16.40,3.99,0.00,2.46,4.30,0.00,13.63
AMZ-SET-2608-B,2026-08-12,AMZ-2608-7006,AMZ-SKU-3006,GW-015,MI,54.25,6.50,0.00,8.14,6.95,12.00,33.66
AMZ-SET-2608-B,2026-08-16,AMZ-2608-7007,AMZ-SKU-3007,GW-020,IL,27.80,4.25,0.00,4.17,5.05,0.00,22.83
AMZ-SET-2608-C,2026-08-18,AMZ-2608-7008,AMZ-SKU-3008,GW-011,IN,68.99,6.99,3.00,10.35,7.25,0.00,55.38
AMZ-SET-2608-C,2026-08-21,AMZ-2608-7009,AMZ-SKU-3009,GW-023,OH,39.95,5.25,0.00,5.99,5.90,0.00,33.31
AMZ-SET-2608-C,2026-08-29,AMZ-2608-7010,AMZ-SKU-3010,GW-024,IN,91.20,7.50,0.00,13.68,8.75,0.00,76.27
