transaction_id,sale_date,listing_id,item_id,store_id,buyer_id,category,quantity,sale_amount,shipping_paid,tax_collected,ebay_fee,refund_amount,payout_amount,relisted
EB-2609-000001,2026-09-01,EB-SEP-LST-000001,EB-SEP-ITM-000001,GW-005,BUY-EB-00030,Electronics,1,84.78,17.52,8.18,12.06,0.00,90.24,false
EB-2609-000002,2026-09-01,EB-SEP-LST-000002,EB-SEP-ITM-000002,GW-009,BUY-EB-00075,Tools,1,56.15,14.14,4.22,8.38,0.00,61.91,false
EB-2609-000003,2026-09-01,EB-SEP-LST-000003,EB-SEP-ITM-000003,GW-016,BUY-EB-00474,Sporting Goods,1,36.23,15.66,0.00,6.27,0.00,45.62,false
EB-2609-000004,2026-09-01,EB-SEP-LST-000004,EB-SEP-ITM-000004,GW-017,BUY-EB-00021,Electronics,1,118.82,0.00,7.13,13.96,0.00,104.86,true
EB-2609-000005,2026-09-01,EB-SEP-LST-000005,EB-SEP-ITM-000005,GW-024,BUY-EB-00095,Tools,1,74.63,15.39,6.30,10.65,0.00,79.37,false
EB-2609-000006,2026-09-01,EB-SEP-LST-000006,EB-SEP-ITM-000006,GW-016,BUY-EB-00323,Collectibles,1,29.65,15.25,3.59,5.46,0.00,39.44,false
EB-2609-000007,2026-09-01,EB-SEP-LST-000007,EB-SEP-ITM-000007,GW-021,BUY-EB-00404,Accessories,1,46.37,16.31,0.00,7.51,5.74,49.43,false
EB-2609-000008,2026-09-01,EB-SEP-LST-000008,EB-SEP-ITM-000008,GW-016,BUY-EB-00434,Books,1,12.27,4.85,1.20,2.27,0.00,14.85,false
EB-2609-000009,2026-09-01,EB-SEP-LST-000009,EB-SEP-ITM-000009,GW-011,BUY-EB-00350,Electronics,1,14.72,8.94,1.42,3.02,0.00,20.64,false
EB-2609-000010,2026-09-01,EB-SEP-LST-000010,EB-SEP-ITM-000010,GW-024,BUY-EB-00302,Electronics,1,33.03,17.41,3.03,6.10,0.00,44.34,false
EB-2609-000011,2026-09-01,EB-SEP-LST-000011,EB-SEP-ITM-000011,GW-020,BUY-EB-00150,Electronics,1,32.11,16.78,0.00,5.92,0.00,42.97,false
EB-2609-000012,2026-09-01,EB-SEP-LST-000012,EB-SEP-ITM-000012,GW-015,BUY-EB-00145,Collectibles,1,81.00,15.05,5.76,11.35,0.00,84.70,false
EB-2609-000013,2026-09-01,EB-SEP-LST-000013,EB-SEP-ITM-000013,GW-001,BUY-EB-00065,Electronics,1,46.81,11.93,4.70,7.06,0.00,51.68,false
EB-2609-000014,2026-09-01,EB-SEP-LST-000014,EB-SEP-ITM-000014,GW-020,BUY-EB-00514,Electronics,1,46.89,12.42,3.56,7.12,0.00,52.19,false
EB-2609-000015,2026-09-01,EB-SEP-LST-000015,EB-SEP-ITM-000015,GW-005,BUY-EB-00073,Tools,1,38.99,12.90,3.63,6.27,0.00,45.62,false
EB-2609-000016,2026-09-01,EB-SEP-LST-000016,EB-SEP-ITM-000016,GW-020,BUY-EB-00214,Electronics,1,94.84,13.67,7.60,12.78,12.88,82.85,false
EB-2609-000017,2026-09-01,EB-SEP-LST-000017,EB-SEP-ITM-000017,GW-013,BUY-EB-00037,Sporting Goods,1,51.30,14.53,5.27,7.87,0.00,57.96,false
EB-2609-000018,2026-09-01,EB-SEP-LST-000018,EB-SEP-ITM-000018,GW-014,BUY-EB-00430,Sporting Goods,1,48.64,14.68,3.80,7.58,0.00,55.74,false
EB-2609-000019,2026-09-01,EB-SEP-LST-000019,EB-SEP-ITM-000019,GW-002,BUY-EB-00010,Electronics,1,38.36,10.07,3.87,5.87,0.00,42.56,false
EB-2609-000020,2026-09-01,EB-SEP-LST-000020,EB-SEP-ITM-000020,GW-006,BUY-EB-00518,Home,1,42.69,18.70,0.00,7.36,0.00,54.03,false
EB-2609-000021,2026-09-01,EB-SEP-LST-000021,EB-SEP-ITM-000021,GW-017,BUY-EB-00290,Apparel,1,75.82,14.74,7.24,10.71,0.00,79.85,false
EB-2609-000022,2026-09-01,EB-SEP-LST-000022,EB-SEP-ITM-000022,GW-010,BUY-EB-00307,Collectibles,1,184.78,12.76,13.83,23.02,97.87,76.65,false
EB-2609-000023,2026-09-01,EB-SEP-LST-000023,EB-SEP-ITM-000023,GW-012,BUY-EB-00415,Electronics,1,56.11,10.92,5.36,8.01,0.00,59.02,false
EB-2609-000024,2026-09-01,EB-SEP-LST-000024,EB-SEP-ITM-000024,GW-019,BUY-EB-00266,Books,1,664.74,6.42,46.98,77.48,0.00,593.68,false
EB-2609-000025,2026-09-01,EB-SEP-LST-000025,EB-SEP-ITM-000025,GW-016,BUY-EB-00038,Home,1,77.43,9.55,0.00,10.30,0.00,76.68,false
EB-2609-000026,2026-09-01,EB-SEP-LST-000026,EB-SEP-ITM-000026,GW-009,BUY-EB-00177,Home,1,20.60,15.00,2.14,4.39,0.00,31.21,false
EB-2609-000027,2026-09-01,EB-SEP-LST-000027,EB-SEP-ITM-000027,GW-007,BUY-EB-00231,Electronics,1,149.80,10.02,9.59,18.68,35.16,105.98,false
EB-2609-000028,2026-09-01,EB-SEP-LST-000028,EB-SEP-ITM-000028,GW-016,BUY-EB-00177,Accessories,1,69.01,13.48,0.00,9.79,0.00,72.70,false
EB-2609-000029,2026-09-01,EB-SEP-LST-000029,EB-SEP-ITM-000029,GW-014,BUY-EB-00152,Apparel,1,37.69,7.49,0.00,5.50,0.00,39.68,false
EB-2609-000030,2026-09-01,EB-SEP-LST-000030,EB-SEP-ITM-000030,GW-001,BUY-EB-00242,Electronics,1,179.00,6.50,14.84,21.63,0.00,163.87,false
