report_name,period,sale_date,order_id,item_id,store_id,buyer_id,category,gross_sales,buyer_premium,shipping_collected,tax_collected,refund_amount,net_sales,report_type
SYNTHETIC ShopGoodwill Daily September 1 2026,2026-09,2026-09-01,SGW-2609-000001,SGW-SEP-ITM-000001,GW-010,BUY-SGW-00117,Electronics,27.08,2.71,14.37,2.49,0.00,44.16,daily
SYNTHETIC ShopGoodwill Daily September 1 2026,2026-09,2026-09-01,SGW-2609-000002,SGW-SEP-ITM-000002,GW-015,BUY-SGW-00183,Apparel,63.92,6.39,7.87,5.74,0.00,78.18,daily
SYNTHETIC ShopGoodwill Daily September 1 2026,2026-09,2026-09-01,SGW-2609-000003,SGW-SEP-ITM-000003,GW-020,BUY-SGW-00223,Books,15.49,1.55,7.10,1.58,0.00,24.14,daily
SYNTHETIC ShopGoodwill Daily September 1 2026,2026-09,2026-09-01,SGW-2609-000004,SGW-SEP-ITM-000004,GW-004,BUY-SGW-00865,Electronics,48.27,4.83,0.00,3.86,25.53,27.57,daily
SYNTHETIC ShopGoodwill Daily September 1 2026,2026-09,2026-09-01,SGW-2609-000005,SGW-SEP-ITM-000005,GW-022,BUY-SGW-00010,Sporting Goods,31.46,3.15,5.97,2.25,0.00,40.58,daily
SYNTHETIC ShopGoodwill Daily September 1 2026,2026-09,2026-09-01,SGW-2609-000006,SGW-SEP-ITM-000006,GW-004,BUY-SGW-00351,Apparel,28.05,2.81,7.59,2.49,0.00,38.45,daily
SYNTHETIC ShopGoodwill Daily September 1 2026,2026-09,2026-09-01,SGW-2609-000007,SGW-SEP-ITM-000007,GW-011,BUY-SGW-00105,Home,18.17,1.82,17.14,2.82,0.00,37.13,daily
SYNTHETIC ShopGoodwill Daily September 1 2026,2026-09,2026-09-01,SGW-2609-000008,SGW-SEP-ITM-000008,GW-005,BUY-SGW-00643,Apparel,8.83,0.88,6.01,0.00,0.00,15.72,daily
SYNTHETIC ShopGoodwill Daily September 1 2026,2026-09,2026-09-01,SGW-2609-000009,SGW-SEP-ITM-000009,GW-008,BUY-SGW-00982,Apparel,20.33,2.03,9.30,1.78,0.00,31.66,daily
SYNTHETIC ShopGoodwill Daily September 1 2026,2026-09,2026-09-01,SGW-2609-000010,SGW-SEP-ITM-000010,GW-004,BUY-SGW-00760,Electronics,46.85,4.69,7.60,0.00,0.00,59.14,daily
SYNTHETIC ShopGoodwill Daily September 1 2026,2026-09,2026-09-01,SGW-2609-000011,SGW-SEP-ITM-000011,GW-008,BUY-SGW-00763,Electronics,38.35,3.84,13.23,4.13,0.00,55.42,daily
SYNTHETIC ShopGoodwill Daily September 1 2026,2026-09,2026-09-01,SGW-2609-000012,SGW-SEP-ITM-000012,GW-017,BUY-SGW-01036,Sporting Goods,89.55,8.96,18.78,6.50,0.00,117.29,daily
SYNTHETIC ShopGoodwill Daily September 1 2026,2026-09,2026-09-01,SGW-2609-000013,SGW-SEP-ITM-000013,GW-011,BUY-SGW-00657,Apparel,19.01,1.90,6.13,1.76,0.00,27.04,daily
SYNTHETIC ShopGoodwill Daily September 1 2026,2026-09,2026-09-01,SGW-2609-000014,SGW-SEP-ITM-000014,GW-011,BUY-SGW-00872,Apparel,7.13,0.71,6.39,0.81,0.00,14.23,daily
SYNTHETIC ShopGoodwill Daily September 1 2026,2026-09,2026-09-01,SGW-2609-000015,SGW-SEP-ITM-000015,GW-002,BUY-SGW-00997,Electronics,40.26,4.03,18.86,3.55,0.00,63.15,daily
SYNTHETIC ShopGoodwill Daily September 1 2026,2026-09,2026-09-01,SGW-2609-000016,SGW-SEP-ITM-000016,GW-016,BUY-SGW-00769,Books,13.29,1.33,5.01,1.46,0.00,19.63,daily
SYNTHETIC ShopGoodwill Daily September 1 2026,2026-09,2026-09-01,SGW-2609-000017,SGW-SEP-ITM-000017,GW-016,BUY-SGW-00328,Electronics,107.99,10.80,18.25,10.10,0.00,137.04,daily
SYNTHETIC ShopGoodwill Daily September 1 2026,2026-09,2026-09-01,SGW-2609-000018,SGW-SEP-ITM-000018,GW-008,BUY-SGW-00674,Accessories,39.08,3.91,7.34,2.79,0.00,50.33,daily
SYNTHETIC ShopGoodwill Daily September 1 2026,2026-09,2026-09-01,SGW-2609-000019,SGW-SEP-ITM-000019,GW-018,BUY-SGW-00336,Electronics,31.40,3.14,14.73,3.23,0.00,49.27,daily
SYNTHETIC ShopGoodwill Daily September 1 2026,2026-09,2026-09-01,SGW-2609-000020,SGW-SEP-ITM-000020,GW-005,BUY-SGW-00579,Electronics,86.39,8.64,12.47,0.00,0.00,107.50,daily
SYNTHETIC ShopGoodwill Daily September 1 2026,2026-09,2026-09-01,SGW-2609-000021,SGW-SEP-ITM-000021,GW-020,BUY-SGW-00148,Sporting Goods,25.62,2.56,8.14,2.70,0.00,36.32,daily
SYNTHETIC ShopGoodwill Daily September 1 2026,2026-09,2026-09-01,SGW-2609-000022,SGW-SEP-ITM-000022,GW-001,BUY-SGW-00125,Books,5.72,0.57,6.68,0.87,0.00,12.97,daily
SYNTHETIC ShopGoodwill Daily September 1 2026,2026-09,2026-09-01,SGW-2609-000023,SGW-SEP-ITM-000023,GW-001,BUY-SGW-00808,Electronics,226.63,22.66,10.03,18.93,0.00,259.32,daily
SYNTHETIC ShopGoodwill Daily September 1 2026,2026-09,2026-09-01,SGW-2609-000024,SGW-SEP-ITM-000024,GW-019,BUY-SGW-00489,Home,96.94,9.69,14.24,8.89,0.00,120.87,daily
SYNTHETIC ShopGoodwill Daily September 1 2026,2026-09,2026-09-01,SGW-2609-000025,SGW-SEP-ITM-000025,GW-018,BUY-SGW-01093,Accessories,26.77,2.68,12.02,2.33,0.00,41.47,daily
SYNTHETIC ShopGoodwill Daily September 1 2026,2026-09,2026-09-01,SGW-2609-000026,SGW-SEP-ITM-000026,GW-018,BUY-SGW-00506,Books,7.18,0.72,6.13,1.06,0.00,14.03,daily
SYNTHETIC ShopGoodwill Daily September 1 2026,2026-09,2026-09-01,SGW-2609-000027,SGW-SEP-ITM-000027,GW-006,BUY-SGW-00793,Books,9.31,0.93,6.76,1.12,0.00,17.00,daily
SYNTHETIC ShopGoodwill Daily September 1 2026,2026-09,2026-09-01,SGW-2609-000028,SGW-SEP-ITM-000028,GW-013,BUY-SGW-00047,Apparel,19.34,1.93,12.98,0.00,0.00,34.25,daily
SYNTHETIC ShopGoodwill Daily September 1 2026,2026-09,2026-09-01,SGW-2609-000029,SGW-SEP-ITM-000029,GW-017,BUY-SGW-00237,Electronics,52.95,5.30,6.88,0.00,0.00,65.13,daily
SYNTHETIC ShopGoodwill Daily September 1 2026,2026-09,2026-09-01,SGW-2609-000030,SGW-SEP-ITM-000030,GW-001,BUY-SGW-00563,Tools,32.23,3.22,15.30,3.33,0.00,50.75,daily
SYNTHETIC ShopGoodwill Daily September 1 2026,2026-09,2026-09-01,SGW-2609-000031,SGW-SEP-ITM-000031,GW-004,BUY-SGW-00538,Home,32.64,3.26,16.53,0.00,0.00,52.43,daily
SYNTHETIC ShopGoodwill Daily September 1 2026,2026-09,2026-09-01,SGW-2609-000032,SGW-SEP-ITM-000032,GW-011,BUY-SGW-00658,Electronics,83.00,8.30,16.12,0.00,0.00,107.42,daily
SYNTHETIC ShopGoodwill Daily September 1 2026,2026-09,2026-09-01,SGW-2609-000033,SGW-SEP-ITM-000033,GW-004,BUY-SGW-01012,Apparel,38.73,3.87,18.12,3.98,0.00,60.72,daily
SYNTHETIC ShopGoodwill Daily September 1 2026,2026-09,2026-09-01,SGW-2609-000034,SGW-SEP-ITM-000034,GW-017,BUY-SGW-00572,Home,61.98,6.20,7.36,4.85,0.00,75.54,daily
SYNTHETIC ShopGoodwill Daily September 1 2026,2026-09,2026-09-01,SGW-2609-000035,SGW-SEP-ITM-000035,GW-016,BUY-SGW-00757,Tools,55.11,5.51,8.63,4.46,0.00,69.25,daily
SYNTHETIC ShopGoodwill Daily September 1 2026,2026-09,2026-09-01,SGW-2609-000036,SGW-SEP-ITM-000036,GW-009,BUY-SGW-00653,Books,20.70,2.07,7.07,0.00,0.00,29.84,daily
SYNTHETIC ShopGoodwill Daily September 1 2026,2026-09,2026-09-01,SGW-2609-000037,SGW-SEP-ITM-000037,GW-008,BUY-SGW-00845,Books,33.63,3.36,4.90,3.08,0.00,41.89,daily
SYNTHETIC ShopGoodwill Daily September 1 2026,2026-09,2026-09-01,SGW-2609-000038,SGW-SEP-ITM-000038,GW-005,BUY-SGW-00289,Electronics,37.17,3.72,17.48,0.00,0.00,58.37,daily
SYNTHETIC ShopGoodwill Daily September 1 2026,2026-09,2026-09-01,SGW-2609-000039,SGW-SEP-ITM-000039,GW-004,BUY-SGW-00976,Accessories,17.32,1.73,16.84,2.73,0.00,35.89,daily
SYNTHETIC ShopGoodwill Daily September 1 2026,2026-09,2026-09-01,SGW-2609-000040,SGW-SEP-ITM-000040,GW-009,BUY-SGW-00997,Sporting Goods,12.69,1.27,12.73,2.03,0.00,26.69,daily
SYNTHETIC ShopGoodwill Daily September 1 2026,2026-09,2026-09-01,SGW-2609-000041,SGW-SEP-ITM-000041,GW-005,BUY-SGW-01063,Books,45.39,4.54,6.36,0.00,0.00,56.29,daily
SYNTHETIC ShopGoodwill Daily September 1 2026,2026-09,2026-09-01,SGW-2609-000042,SGW-SEP-ITM-000042,GW-023,BUY-SGW-00608,Electronics,29.01,2.90,14.23,3.46,0.00,46.14,daily
SYNTHETIC ShopGoodwill Daily September 1 2026,2026-09,2026-09-01,SGW-2609-000043,SGW-SEP-ITM-000043,GW-012,BUY-SGW-00339,Electronics,79.02,7.90,9.57,0.00,0.00,96.49,daily
SYNTHETIC ShopGoodwill Daily September 1 2026,2026-09,2026-09-01,SGW-2609-000044,SGW-SEP-ITM-000044,GW-009,BUY-SGW-00451,Home,34.65,3.47,9.16,0.00,0.00,47.28,daily
SYNTHETIC ShopGoodwill Daily September 1 2026,2026-09,2026-09-01,SGW-2609-000045,SGW-SEP-ITM-000045,GW-004,BUY-SGW-00261,Home,19.71,1.97,6.47,1.83,0.00,28.15,daily
SYNTHETIC ShopGoodwill Daily September 1 2026,2026-09,2026-09-01,SGW-2609-000046,SGW-SEP-ITM-000046,GW-012,BUY-SGW-00183,Collectibles,65.29,6.53,18.12,0.00,0.00,89.94,daily
SYNTHETIC ShopGoodwill Daily September 1 2026,2026-09,2026-09-01,SGW-2609-000047,SGW-SEP-ITM-000047,GW-002,BUY-SGW-00475,Collectibles,234.11,23.41,14.36,0.00,0.00,271.88,daily
SYNTHETIC ShopGoodwill Daily September 1 2026,2026-09,2026-09-01,SGW-2609-000048,SGW-SEP-ITM-000048,GW-008,BUY-SGW-00521,Books,16.66,1.67,5.76,1.57,0.00,24.09,daily
SYNTHETIC ShopGoodwill Daily September 1 2026,2026-09,2026-09-01,SGW-2609-000049,SGW-SEP-ITM-000049,GW-009,BUY-SGW-01095,Home,50.60,5.06,14.56,3.91,0.00,70.22,daily
SYNTHETIC ShopGoodwill Daily September 1 2026,2026-09,2026-09-01,SGW-2609-000050,SGW-SEP-ITM-000050,GW-002,BUY-SGW-00202,Accessories,19.22,1.92,12.10,2.51,0.00,33.24,daily
SYNTHETIC ShopGoodwill Daily September 1 2026,2026-09,2026-09-01,SGW-2609-000051,SGW-SEP-ITM-000051,GW-015,BUY-SGW-00361,Books,16.05,1.61,5.71,1.31,0.00,23.37,daily
SYNTHETIC ShopGoodwill Daily September 1 2026,2026-09,2026-09-01,SGW-2609-000052,SGW-SEP-ITM-000052,GW-017,BUY-SGW-01025,Apparel,20.33,2.03,0.00,0.00,0.00,22.36,daily
SYNTHETIC ShopGoodwill Daily September 1 2026,2026-09,2026-09-01,SGW-2609-000053,SGW-SEP-ITM-000053,GW-006,BUY-SGW-00037,Collectibles,96.08,9.61,13.42,8.76,0.00,119.11,daily
SYNTHETIC ShopGoodwill Daily September 1 2026,2026-09,2026-09-01,SGW-2609-000054,SGW-SEP-ITM-000054,GW-005,BUY-SGW-01083,Books,10.94,1.09,4.62,0.00,0.00,16.65,daily
SYNTHETIC ShopGoodwill Daily September 1 2026,2026-09,2026-09-01,SGW-2609-000055,SGW-SEP-ITM-000055,GW-010,BUY-SGW-00864,Jewelry,196.44,19.64,16.45,14.90,0.00,232.53,daily
SYNTHETIC ShopGoodwill Daily September 1 2026,2026-09,2026-09-01,SGW-2609-000056,SGW-SEP-ITM-000056,GW-020,BUY-SGW-00093,Books,13.20,1.32,6.37,1.37,0.00,20.89,daily
SYNTHETIC ShopGoodwill Daily September 1 2026,2026-09,2026-09-01,SGW-2609-000057,SGW-SEP-ITM-000057,GW-018,BUY-SGW-00938,Collectibles,49.14,4.91,8.29,0.00,0.00,62.34,daily
SYNTHETIC ShopGoodwill Daily September 1 2026,2026-09,2026-09-01,SGW-2609-000058,SGW-SEP-ITM-000058,GW-001,BUY-SGW-00150,Sporting Goods,103.18,10.32,0.00,8.25,0.00,113.50,daily
SYNTHETIC ShopGoodwill Daily September 1 2026,2026-09,2026-09-01,SGW-2609-000059,SGW-SEP-ITM-000059,GW-005,BUY-SGW-00413,Apparel,29.36,2.94,9.62,0.00,0.00,41.92,daily
SYNTHETIC ShopGoodwill Daily September 1 2026,2026-09,2026-09-01,SGW-2609-000060,SGW-SEP-ITM-000060,GW-018,BUY-SGW-00501,Electronics,35.93,3.59,17.77,4.30,0.00,57.29,daily
